--- Startup times for process: Primary (or UI client) ---

times in msec
 clock   self+sourced   self:  sourced script
 clock   elapsed:              other lines

000.000  000.000: --- NVIM STARTING ---
000.103  000.103: event init
000.173  000.070: early init
000.200  000.028: locale set
000.229  000.028: init first window
000.489  000.260: inits 1
000.493  000.004: window checked
000.521  000.028: parsing arguments
000.855  000.025  000.025: require('vim.shared')
000.916  000.025  000.025: require('vim.inspect')
000.947  000.024  000.024: require('vim._options')
000.948  000.091  000.043: require('vim._editor')
000.948  000.134  000.018: require('vim._init_packages')
000.949  000.294: init lua interpreter
002.846  001.897: nvim_ui_attach
003.110  000.264: nvim_set_client_info
003.111  000.002: --- NVIM STARTED ---

--- Startup times for process: Embedded ---

times in msec
 clock   self+sourced   self:  sourced script
 clock   elapsed:              other lines

000.000  000.000: --- NVIM STARTING ---
000.113  000.113: event init
000.188  000.075: early init
000.219  000.031: locale set
000.254  000.035: init first window
000.473  000.219: inits 1
000.480  000.007: window checked
000.505  000.025: parsing arguments
000.820  000.034  000.034: require('vim.shared')
000.876  000.024  000.024: require('vim.inspect')
000.907  000.024  000.024: require('vim._options')
000.908  000.087  000.038: require('vim._editor')
000.909  000.135  000.014: require('vim._init_packages')
000.910  000.270: init lua interpreter
000.952  000.042: expanding arguments
000.964  000.012: inits 2
001.116  000.152: init highlight
001.117  000.001: waiting for UI
001.226  000.109: done waiting for UI
001.231  000.005: clear screen
001.307  000.006  000.006: require('vim.keymap')
001.753  000.081  000.081: sourcing nvim_exec2()
001.836  000.604  000.516: require('vim._defaults')
001.837  000.002: init default mappings & autocommands
002.051  000.028  000.028: sourcing /usr/share/nvim/runtime/ftplugin.vim
002.085  000.014  000.014: sourcing /usr/share/nvim/runtime/indent.vim
002.115  000.006  000.006: sourcing /usr/share/nvim/archlinux.vim
002.117  000.019  000.013: sourcing /etc/xdg/nvim/sysinit.vim
002.224  000.067  000.067: require('vim.fs')
002.433  000.207  000.207: require('vim.uri')
002.443  000.303  000.029: require('vim.loader')
003.184  000.649  000.649: sourcing /home/yash/.local/share/nvim/site/autoload/plug.vim
007.092  000.009  000.009: sourcing /home/yash/.vim/plugged/yuck.vim/ftdetect/yuck.vim
007.172  000.014  000.014: sourcing /home/yash/.vim/plugged/vimtex/ftdetect/cls.vim
007.199  000.014  000.014: sourcing /home/yash/.vim/plugged/vimtex/ftdetect/tex.vim
007.221  000.010  000.010: sourcing /home/yash/.vim/plugged/vimtex/ftdetect/tikz.vim
007.331  000.011  000.011: sourcing /usr/share/nvim/site/ftdetect/ghostty.vim
007.402  000.012  000.012: sourcing /usr/share/vim/vimfiles/ftdetect/PKGBUILD.vim
007.421  000.007  000.007: sourcing /usr/share/vim/vimfiles/ftdetect/SRCINFO.vim
007.446  000.011  000.011: sourcing /usr/share/vim/vimfiles/ftdetect/ghostty.vim
007.472  000.016  000.016: sourcing /usr/share/vim/vimfiles/ftdetect/meson.vim
007.475  000.502  000.397: sourcing nvim_exec2() called at /usr/share/nvim/runtime/filetype.lua:0
007.479  000.736  000.234: sourcing /usr/share/nvim/runtime/filetype.lua
007.575  000.008  000.008: sourcing /usr/share/nvim/runtime/ftplugin.vim
007.655  000.006  000.006: sourcing /usr/share/nvim/runtime/indent.vim
007.843  000.066  000.066: sourcing /usr/share/nvim/runtime/syntax/synload.vim
007.910  000.223  000.158: sourcing /usr/share/nvim/runtime/syntax/syntax.vim
008.552  000.054  000.054: require('gruvbox.hsluv')
008.559  000.171  000.117: require('gruvbox.util')
008.698  000.035  000.035: require('gruvbox.colors')
008.703  000.143  000.108: require('gruvbox.theme')
008.704  000.664  000.350: require('gruvbox')
008.733  000.029  000.029: require('gruvbox.config')
009.037  000.126  000.126: sourcing nvim_exec2() called at /home/yash/.vim/plugged/gruvbox-flat.nvim/colors/gruvbox-flat.vim:9
009.124  000.078  000.078: sourcing nvim_exec2() called at /home/yash/.vim/plugged/gruvbox-flat.nvim/colors/gruvbox-flat.vim:9
009.153  000.017  000.017: sourcing nvim_exec2() called at /home/yash/.vim/plugged/gruvbox-flat.nvim/colors/gruvbox-flat.vim:9
009.158  000.001  000.001: sourcing nvim_exec2() called at /home/yash/.vim/plugged/gruvbox-flat.nvim/colors/gruvbox-flat.vim:9
009.162  000.001  000.001: sourcing nvim_exec2() called at /home/yash/.vim/plugged/gruvbox-flat.nvim/colors/gruvbox-flat.vim:9
009.165  000.001  000.001: sourcing nvim_exec2() called at /home/yash/.vim/plugged/gruvbox-flat.nvim/colors/gruvbox-flat.vim:9
009.168  000.001  000.001: sourcing nvim_exec2() called at /home/yash/.vim/plugged/gruvbox-flat.nvim/colors/gruvbox-flat.vim:9
009.171  000.001  000.001: sourcing nvim_exec2() called at /home/yash/.vim/plugged/gruvbox-flat.nvim/colors/gruvbox-flat.vim:9
009.176  000.001  000.001: sourcing nvim_exec2() called at /home/yash/.vim/plugged/gruvbox-flat.nvim/colors/gruvbox-flat.vim:9
009.181  000.001  000.001: sourcing nvim_exec2() called at /home/yash/.vim/plugged/gruvbox-flat.nvim/colors/gruvbox-flat.vim:9
009.184  000.001  000.001: sourcing nvim_exec2() called at /home/yash/.vim/plugged/gruvbox-flat.nvim/colors/gruvbox-flat.vim:9
009.189  000.002  000.002: sourcing nvim_exec2() called at /home/yash/.vim/plugged/gruvbox-flat.nvim/colors/gruvbox-flat.vim:9
009.191  000.001  000.001: sourcing nvim_exec2() called at /home/yash/.vim/plugged/gruvbox-flat.nvim/colors/gruvbox-flat.vim:9
009.194  000.001  000.001: sourcing nvim_exec2() called at /home/yash/.vim/plugged/gruvbox-flat.nvim/colors/gruvbox-flat.vim:9
009.200  000.001  000.001: sourcing nvim_exec2() called at /home/yash/.vim/plugged/gruvbox-flat.nvim/colors/gruvbox-flat.vim:9
009.202  000.001  000.001: sourcing nvim_exec2() called at /home/yash/.vim/plugged/gruvbox-flat.nvim/colors/gruvbox-flat.vim:9
009.204  000.001  000.001: sourcing nvim_exec2() called at /home/yash/.vim/plugged/gruvbox-flat.nvim/colors/gruvbox-flat.vim:9
009.207  000.001  000.001: sourcing nvim_exec2() called at /home/yash/.vim/plugged/gruvbox-flat.nvim/colors/gruvbox-flat.vim:9
009.209  000.001  000.001: sourcing nvim_exec2() called at /home/yash/.vim/plugged/gruvbox-flat.nvim/colors/gruvbox-flat.vim:9
009.212  000.001  000.001: sourcing nvim_exec2() called at /home/yash/.vim/plugged/gruvbox-flat.nvim/colors/gruvbox-flat.vim:9
009.233  000.001  000.001: sourcing nvim_exec2() called at /home/yash/.vim/plugged/gruvbox-flat.nvim/colors/gruvbox-flat.vim:9
009.236  000.001  000.001: sourcing nvim_exec2() called at /home/yash/.vim/plugged/gruvbox-flat.nvim/colors/gruvbox-flat.vim:9
009.238  000.001  000.001: sourcing nvim_exec2() called at /home/yash/.vim/plugged/gruvbox-flat.nvim/colors/gruvbox-flat.vim:9
009.240  000.001  000.001: sourcing nvim_exec2() called at /home/yash/.vim/plugged/gruvbox-flat.nvim/colors/gruvbox-flat.vim:9
009.243  000.001  000.001: sourcing nvim_exec2() called at /home/yash/.vim/plugged/gruvbox-flat.nvim/colors/gruvbox-flat.vim:9
009.245  000.001  000.001: sourcing nvim_exec2() called at /home/yash/.vim/plugged/gruvbox-flat.nvim/colors/gruvbox-flat.vim:9
009.247  000.001  000.001: sourcing nvim_exec2() called at /home/yash/.vim/plugged/gruvbox-flat.nvim/colors/gruvbox-flat.vim:9
009.249  000.001  000.001: sourcing nvim_exec2() called at /home/yash/.vim/plugged/gruvbox-flat.nvim/colors/gruvbox-flat.vim:9
009.251  000.001  000.001: sourcing nvim_exec2() called at /home/yash/.vim/plugged/gruvbox-flat.nvim/colors/gruvbox-flat.vim:9
009.253  000.001  000.001: sourcing nvim_exec2() called at /home/yash/.vim/plugged/gruvbox-flat.nvim/colors/gruvbox-flat.vim:9
009.257  000.001  000.001: sourcing nvim_exec2() called at /home/yash/.vim/plugged/gruvbox-flat.nvim/colors/gruvbox-flat.vim:9
009.260  000.001  000.001: sourcing nvim_exec2() called at /home/yash/.vim/plugged/gruvbox-flat.nvim/colors/gruvbox-flat.vim:9
009.263  000.001  000.001: sourcing nvim_exec2() called at /home/yash/.vim/plugged/gruvbox-flat.nvim/colors/gruvbox-flat.vim:9
009.267  000.001  000.001: sourcing nvim_exec2() called at /home/yash/.vim/plugged/gruvbox-flat.nvim/colors/gruvbox-flat.vim:9
009.270  000.002  000.002: sourcing nvim_exec2() called at /home/yash/.vim/plugged/gruvbox-flat.nvim/colors/gruvbox-flat.vim:9
009.273  000.001  000.001: sourcing nvim_exec2() called at /home/yash/.vim/plugged/gruvbox-flat.nvim/colors/gruvbox-flat.vim:9
009.275  000.001  000.001: sourcing nvim_exec2() called at /home/yash/.vim/plugged/gruvbox-flat.nvim/colors/gruvbox-flat.vim:9
009.279  000.001  000.001: sourcing nvim_exec2() called at /home/yash/.vim/plugged/gruvbox-flat.nvim/colors/gruvbox-flat.vim:9
009.289  000.009  000.009: sourcing nvim_exec2() called at /home/yash/.vim/plugged/gruvbox-flat.nvim/colors/gruvbox-flat.vim:9
009.292  000.001  000.001: sourcing nvim_exec2() called at /home/yash/.vim/plugged/gruvbox-flat.nvim/colors/gruvbox-flat.vim:9
009.322  000.002  000.002: sourcing nvim_exec2() called at /home/yash/.vim/plugged/gruvbox-flat.nvim/colors/gruvbox-flat.vim:9
009.324  000.001  000.001: sourcing nvim_exec2() called at /home/yash/.vim/plugged/gruvbox-flat.nvim/colors/gruvbox-flat.vim:9
009.347  000.002  000.002: sourcing nvim_exec2() called at /home/yash/.vim/plugged/gruvbox-flat.nvim/colors/gruvbox-flat.vim:9
009.350  000.002  000.002: sourcing nvim_exec2() called at /home/yash/.vim/plugged/gruvbox-flat.nvim/colors/gruvbox-flat.vim:9
009.353  000.001  000.001: sourcing nvim_exec2() called at /home/yash/.vim/plugged/gruvbox-flat.nvim/colors/gruvbox-flat.vim:9
009.356  000.001  000.001: sourcing nvim_exec2() called at /home/yash/.vim/plugged/gruvbox-flat.nvim/colors/gruvbox-flat.vim:9
009.362  000.002  000.002: sourcing nvim_exec2() called at /home/yash/.vim/plugged/gruvbox-flat.nvim/colors/gruvbox-flat.vim:9
009.365  000.001  000.001: sourcing nvim_exec2() called at /home/yash/.vim/plugged/gruvbox-flat.nvim/colors/gruvbox-flat.vim:9
009.367  000.001  000.001: sourcing nvim_exec2() called at /home/yash/.vim/plugged/gruvbox-flat.nvim/colors/gruvbox-flat.vim:9
009.370  000.001  000.001: sourcing nvim_exec2() called at /home/yash/.vim/plugged/gruvbox-flat.nvim/colors/gruvbox-flat.vim:9
009.372  000.001  000.001: sourcing nvim_exec2() called at /home/yash/.vim/plugged/gruvbox-flat.nvim/colors/gruvbox-flat.vim:9
009.375  000.001  000.001: sourcing nvim_exec2() called at /home/yash/.vim/plugged/gruvbox-flat.nvim/colors/gruvbox-flat.vim:9
009.377  000.001  000.001: sourcing nvim_exec2() called at /home/yash/.vim/plugged/gruvbox-flat.nvim/colors/gruvbox-flat.vim:9
009.380  000.001  000.001: sourcing nvim_exec2() called at /home/yash/.vim/plugged/gruvbox-flat.nvim/colors/gruvbox-flat.vim:9
009.403  000.001  000.001: sourcing nvim_exec2() called at /home/yash/.vim/plugged/gruvbox-flat.nvim/colors/gruvbox-flat.vim:9
009.409  000.005  000.005: sourcing nvim_exec2() called at /home/yash/.vim/plugged/gruvbox-flat.nvim/colors/gruvbox-flat.vim:9
009.412  000.001  000.001: sourcing nvim_exec2() called at /home/yash/.vim/plugged/gruvbox-flat.nvim/colors/gruvbox-flat.vim:9
009.414  000.001  000.001: sourcing nvim_exec2() called at /home/yash/.vim/plugged/gruvbox-flat.nvim/colors/gruvbox-flat.vim:9
009.417  000.001  000.001: sourcing nvim_exec2() called at /home/yash/.vim/plugged/gruvbox-flat.nvim/colors/gruvbox-flat.vim:9
009.420  000.001  000.001: sourcing nvim_exec2() called at /home/yash/.vim/plugged/gruvbox-flat.nvim/colors/gruvbox-flat.vim:9
009.422  000.001  000.001: sourcing nvim_exec2() called at /home/yash/.vim/plugged/gruvbox-flat.nvim/colors/gruvbox-flat.vim:9
009.425  000.001  000.001: sourcing nvim_exec2() called at /home/yash/.vim/plugged/gruvbox-flat.nvim/colors/gruvbox-flat.vim:9
009.428  000.001  000.001: sourcing nvim_exec2() called at /home/yash/.vim/plugged/gruvbox-flat.nvim/colors/gruvbox-flat.vim:9
009.430  000.001  000.001: sourcing nvim_exec2() called at /home/yash/.vim/plugged/gruvbox-flat.nvim/colors/gruvbox-flat.vim:9
009.432  000.001  000.001: sourcing nvim_exec2() called at /home/yash/.vim/plugged/gruvbox-flat.nvim/colors/gruvbox-flat.vim:9
009.434  000.001  000.001: sourcing nvim_exec2() called at /home/yash/.vim/plugged/gruvbox-flat.nvim/colors/gruvbox-flat.vim:9
009.437  000.001  000.001: sourcing nvim_exec2() called at /home/yash/.vim/plugged/gruvbox-flat.nvim/colors/gruvbox-flat.vim:9
009.439  000.001  000.001: sourcing nvim_exec2() called at /home/yash/.vim/plugged/gruvbox-flat.nvim/colors/gruvbox-flat.vim:9
009.445  000.001  000.001: sourcing nvim_exec2() called at /home/yash/.vim/plugged/gruvbox-flat.nvim/colors/gruvbox-flat.vim:9
009.448  000.001  000.001: sourcing nvim_exec2() called at /home/yash/.vim/plugged/gruvbox-flat.nvim/colors/gruvbox-flat.vim:9
009.450  000.001  000.001: sourcing nvim_exec2() called at /home/yash/.vim/plugged/gruvbox-flat.nvim/colors/gruvbox-flat.vim:9
009.452  000.001  000.001: sourcing nvim_exec2() called at /home/yash/.vim/plugged/gruvbox-flat.nvim/colors/gruvbox-flat.vim:9
009.454  000.001  000.001: sourcing nvim_exec2() called at /home/yash/.vim/plugged/gruvbox-flat.nvim/colors/gruvbox-flat.vim:9
009.470  000.001  000.001: sourcing nvim_exec2() called at /home/yash/.vim/plugged/gruvbox-flat.nvim/colors/gruvbox-flat.vim:9
009.471  000.001  000.001: sourcing nvim_exec2() called at /home/yash/.vim/plugged/gruvbox-flat.nvim/colors/gruvbox-flat.vim:9
009.473  000.001  000.001: sourcing nvim_exec2() called at /home/yash/.vim/plugged/gruvbox-flat.nvim/colors/gruvbox-flat.vim:9
009.475  000.001  000.001: sourcing nvim_exec2() called at /home/yash/.vim/plugged/gruvbox-flat.nvim/colors/gruvbox-flat.vim:9
009.497  000.001  000.001: sourcing nvim_exec2() called at /home/yash/.vim/plugged/gruvbox-flat.nvim/colors/gruvbox-flat.vim:9
009.499  000.001  000.001: sourcing nvim_exec2() called at /home/yash/.vim/plugged/gruvbox-flat.nvim/colors/gruvbox-flat.vim:9
009.502  000.001  000.001: sourcing nvim_exec2() called at /home/yash/.vim/plugged/gruvbox-flat.nvim/colors/gruvbox-flat.vim:9
009.503  000.001  000.001: sourcing nvim_exec2() called at /home/yash/.vim/plugged/gruvbox-flat.nvim/colors/gruvbox-flat.vim:9
009.506  000.001  000.001: sourcing nvim_exec2() called at /home/yash/.vim/plugged/gruvbox-flat.nvim/colors/gruvbox-flat.vim:9
009.526  000.001  000.001: sourcing nvim_exec2() called at /home/yash/.vim/plugged/gruvbox-flat.nvim/colors/gruvbox-flat.vim:9
009.528  000.001  000.001: sourcing nvim_exec2() called at /home/yash/.vim/plugged/gruvbox-flat.nvim/colors/gruvbox-flat.vim:9
009.531  000.002  000.002: sourcing nvim_exec2() called at /home/yash/.vim/plugged/gruvbox-flat.nvim/colors/gruvbox-flat.vim:9
009.535  000.001  000.001: sourcing nvim_exec2() called at /home/yash/.vim/plugged/gruvbox-flat.nvim/colors/gruvbox-flat.vim:9
009.537  000.001  000.001: sourcing nvim_exec2() called at /home/yash/.vim/plugged/gruvbox-flat.nvim/colors/gruvbox-flat.vim:9
009.539  000.001  000.001: sourcing nvim_exec2() called at /home/yash/.vim/plugged/gruvbox-flat.nvim/colors/gruvbox-flat.vim:9
009.542  000.001  000.001: sourcing nvim_exec2() called at /home/yash/.vim/plugged/gruvbox-flat.nvim/colors/gruvbox-flat.vim:9
009.562  000.002  000.002: sourcing nvim_exec2() called at /home/yash/.vim/plugged/gruvbox-flat.nvim/colors/gruvbox-flat.vim:9
009.565  000.001  000.001: sourcing nvim_exec2() called at /home/yash/.vim/plugged/gruvbox-flat.nvim/colors/gruvbox-flat.vim:9
009.574  000.001  000.001: sourcing nvim_exec2() called at /home/yash/.vim/plugged/gruvbox-flat.nvim/colors/gruvbox-flat.vim:9
009.578  000.001  000.001: sourcing nvim_exec2() called at /home/yash/.vim/plugged/gruvbox-flat.nvim/colors/gruvbox-flat.vim:9
009.585  000.001  000.001: sourcing nvim_exec2() called at /home/yash/.vim/plugged/gruvbox-flat.nvim/colors/gruvbox-flat.vim:9
009.588  000.001  000.001: sourcing nvim_exec2() called at /home/yash/.vim/plugged/gruvbox-flat.nvim/colors/gruvbox-flat.vim:9
009.590  000.001  000.001: sourcing nvim_exec2() called at /home/yash/.vim/plugged/gruvbox-flat.nvim/colors/gruvbox-flat.vim:9
009.593  000.001  000.001: sourcing nvim_exec2() called at /home/yash/.vim/plugged/gruvbox-flat.nvim/colors/gruvbox-flat.vim:9
009.596  000.001  000.001: sourcing nvim_exec2() called at /home/yash/.vim/plugged/gruvbox-flat.nvim/colors/gruvbox-flat.vim:9
009.597  000.001  000.001: sourcing nvim_exec2() called at /home/yash/.vim/plugged/gruvbox-flat.nvim/colors/gruvbox-flat.vim:9
009.601  000.001  000.001: sourcing nvim_exec2() called at /home/yash/.vim/plugged/gruvbox-flat.nvim/colors/gruvbox-flat.vim:9
009.603  000.001  000.001: sourcing nvim_exec2() called at /home/yash/.vim/plugged/gruvbox-flat.nvim/colors/gruvbox-flat.vim:9
009.623  000.001  000.001: sourcing nvim_exec2() called at /home/yash/.vim/plugged/gruvbox-flat.nvim/colors/gruvbox-flat.vim:9
009.626  000.001  000.001: sourcing nvim_exec2() called at /home/yash/.vim/plugged/gruvbox-flat.nvim/colors/gruvbox-flat.vim:9
009.628  000.001  000.001: sourcing nvim_exec2() called at /home/yash/.vim/plugged/gruvbox-flat.nvim/colors/gruvbox-flat.vim:9
009.630  000.001  000.001: sourcing nvim_exec2() called at /home/yash/.vim/plugged/gruvbox-flat.nvim/colors/gruvbox-flat.vim:9
009.641  000.001  000.001: sourcing nvim_exec2() called at /home/yash/.vim/plugged/gruvbox-flat.nvim/colors/gruvbox-flat.vim:9
009.643  000.001  000.001: sourcing nvim_exec2() called at /home/yash/.vim/plugged/gruvbox-flat.nvim/colors/gruvbox-flat.vim:9
009.646  000.001  000.001: sourcing nvim_exec2() called at /home/yash/.vim/plugged/gruvbox-flat.nvim/colors/gruvbox-flat.vim:9
009.650  000.001  000.001: sourcing nvim_exec2() called at /home/yash/.vim/plugged/gruvbox-flat.nvim/colors/gruvbox-flat.vim:9
009.652  000.001  000.001: sourcing nvim_exec2() called at /home/yash/.vim/plugged/gruvbox-flat.nvim/colors/gruvbox-flat.vim:9
009.669  000.001  000.001: sourcing nvim_exec2() called at /home/yash/.vim/plugged/gruvbox-flat.nvim/colors/gruvbox-flat.vim:9
009.671  000.001  000.001: sourcing nvim_exec2() called at /home/yash/.vim/plugged/gruvbox-flat.nvim/colors/gruvbox-flat.vim:9
009.673  000.001  000.001: sourcing nvim_exec2() called at /home/yash/.vim/plugged/gruvbox-flat.nvim/colors/gruvbox-flat.vim:9
009.674  000.001  000.001: sourcing nvim_exec2() called at /home/yash/.vim/plugged/gruvbox-flat.nvim/colors/gruvbox-flat.vim:9
009.676  000.001  000.001: sourcing nvim_exec2() called at /home/yash/.vim/plugged/gruvbox-flat.nvim/colors/gruvbox-flat.vim:9
009.678  000.001  000.001: sourcing nvim_exec2() called at /home/yash/.vim/plugged/gruvbox-flat.nvim/colors/gruvbox-flat.vim:9
009.679  000.001  000.001: sourcing nvim_exec2() called at /home/yash/.vim/plugged/gruvbox-flat.nvim/colors/gruvbox-flat.vim:9
009.681  000.001  000.001: sourcing nvim_exec2() called at /home/yash/.vim/plugged/gruvbox-flat.nvim/colors/gruvbox-flat.vim:9
009.682  000.001  000.001: sourcing nvim_exec2() called at /home/yash/.vim/plugged/gruvbox-flat.nvim/colors/gruvbox-flat.vim:9
009.684  000.001  000.001: sourcing nvim_exec2() called at /home/yash/.vim/plugged/gruvbox-flat.nvim/colors/gruvbox-flat.vim:9
009.694  000.001  000.001: sourcing nvim_exec2() called at /home/yash/.vim/plugged/gruvbox-flat.nvim/colors/gruvbox-flat.vim:9
009.696  000.001  000.001: sourcing nvim_exec2() called at /home/yash/.vim/plugged/gruvbox-flat.nvim/colors/gruvbox-flat.vim:9
009.698  000.001  000.001: sourcing nvim_exec2() called at /home/yash/.vim/plugged/gruvbox-flat.nvim/colors/gruvbox-flat.vim:9
009.699  000.001  000.001: sourcing nvim_exec2() called at /home/yash/.vim/plugged/gruvbox-flat.nvim/colors/gruvbox-flat.vim:9
009.700  000.001  000.001: sourcing nvim_exec2() called at /home/yash/.vim/plugged/gruvbox-flat.nvim/colors/gruvbox-flat.vim:9
009.702  000.001  000.001: sourcing nvim_exec2() called at /home/yash/.vim/plugged/gruvbox-flat.nvim/colors/gruvbox-flat.vim:9
009.706  000.001  000.001: sourcing nvim_exec2() called at /home/yash/.vim/plugged/gruvbox-flat.nvim/colors/gruvbox-flat.vim:9
009.707  000.001  000.001: sourcing nvim_exec2() called at /home/yash/.vim/plugged/gruvbox-flat.nvim/colors/gruvbox-flat.vim:9
009.709  000.001  000.001: sourcing nvim_exec2() called at /home/yash/.vim/plugged/gruvbox-flat.nvim/colors/gruvbox-flat.vim:9
009.711  000.001  000.001: sourcing nvim_exec2() called at /home/yash/.vim/plugged/gruvbox-flat.nvim/colors/gruvbox-flat.vim:9
009.719  000.001  000.001: sourcing nvim_exec2() called at /home/yash/.vim/plugged/gruvbox-flat.nvim/colors/gruvbox-flat.vim:9
009.720  000.001  000.001: sourcing nvim_exec2() called at /home/yash/.vim/plugged/gruvbox-flat.nvim/colors/gruvbox-flat.vim:9
009.722  000.001  000.001: sourcing nvim_exec2() called at /home/yash/.vim/plugged/gruvbox-flat.nvim/colors/gruvbox-flat.vim:9
009.724  000.001  000.001: sourcing nvim_exec2() called at /home/yash/.vim/plugged/gruvbox-flat.nvim/colors/gruvbox-flat.vim:9
009.758  000.034  000.034: sourcing nvim_exec2() called at /home/yash/.vim/plugged/gruvbox-flat.nvim/colors/gruvbox-flat.vim:9
009.760  000.001  000.001: sourcing nvim_exec2() called at /home/yash/.vim/plugged/gruvbox-flat.nvim/colors/gruvbox-flat.vim:9
009.762  000.001  000.001: sourcing nvim_exec2() called at /home/yash/.vim/plugged/gruvbox-flat.nvim/colors/gruvbox-flat.vim:9
009.763  000.001  000.001: sourcing nvim_exec2() called at /home/yash/.vim/plugged/gruvbox-flat.nvim/colors/gruvbox-flat.vim:9
009.765  000.001  000.001: sourcing nvim_exec2() called at /home/yash/.vim/plugged/gruvbox-flat.nvim/colors/gruvbox-flat.vim:9
009.767  001.751  000.656: sourcing /home/yash/.vim/plugged/gruvbox-flat.nvim/colors/gruvbox-flat.vim
009.959  000.047  000.047: require('noice.util.lazy')
009.966  000.101  000.054: require('noice')
010.988  000.918  000.918: require('vim.health')
011.190  000.055  000.055: require('noice.util.call')
011.203  000.210  000.155: require('noice.util')
011.206  001.230  000.102: require('noice.health')
011.263  000.044  000.044: require('noice.config')
011.382  000.037  000.037: require('nvim-web-devicons.filetypes')
011.389  000.003  000.003: require('vim.F')
011.549  000.121  000.121: require('nvim-web-devicons.default.icons_by_filename')
012.001  000.449  000.449: require('nvim-web-devicons.default.icons_by_file_extension')
012.142  000.138  000.138: require('nvim-web-devicons.default.icons_by_operating_system')
012.230  000.085  000.085: require('nvim-web-devicons.default.icons_by_desktop_environment')
012.287  000.055  000.055: require('nvim-web-devicons.default.icons_by_window_manager')
012.289  000.886  000.038: require('nvim-web-devicons.icons-default')
012.516  001.205  000.279: require('nvim-web-devicons')
015.337  000.035  000.035: require('plenary.bit')
015.371  000.027  000.027: require('plenary.functional')
015.393  000.014  000.014: require('ffi')
015.417  000.163  000.087: require('plenary.path')
015.426  000.197  000.034: require('plenary.strings')
015.481  000.055  000.055: require('telescope.deprecated')
015.732  000.108  000.108: require('plenary.log')
015.758  000.218  000.110: require('telescope.log')
016.000  000.042  000.042: require('plenary.compat')
016.010  000.107  000.066: require('plenary.job')
016.069  000.058  000.058: require('telescope.state')
016.085  000.326  000.161: require('telescope.utils')
016.098  000.616  000.073: require('telescope.sorters')
017.847  002.699  001.831: require('telescope.config')
018.061  000.093  000.093: require('plenary.window.border')
018.103  000.040  000.040: require('plenary.window')
018.130  000.026  000.026: require('plenary.popup.utils')
018.132  000.278  000.119: require('plenary.popup')
018.205  000.073  000.073: require('telescope.pickers.scroller')
018.278  000.071  000.071: require('telescope.actions.state')
018.359  000.079  000.079: require('telescope.actions.utils')
018.824  000.248  000.248: require('telescope.actions.mt')
018.866  000.506  000.258: require('telescope.actions.set')
019.163  000.207  000.207: require('telescope.config.resolve')
019.167  000.300  000.093: require('telescope.pickers.entry_display')
019.231  000.064  000.064: require('telescope.from_entry')
019.310  004.328  000.259: require('telescope.actions')
019.381  000.030  000.030: require('telescope._extensions')
019.383  000.072  000.041: require('telescope')
020.045  000.035  000.035: require('telescope._extensions.file_browser.utils')
020.174  000.045  000.045: require('vim.lsp.log')
020.606  000.430  000.430: require('vim.lsp.protocol')
020.698  000.090  000.090: require('vim.lsp.util')
020.743  000.019  000.019: require('vim.lsp.sync')
020.746  000.046  000.026: require('vim.lsp._changetracking')
020.877  000.049  000.049: require('vim.lsp._transport')
020.887  000.141  000.091: require('vim.lsp.rpc')
020.935  000.853  000.101: require('vim.lsp')
020.939  000.892  000.038: require('telescope._extensions.file_browser.lsp')
021.791  000.850  000.850: require('plenary.scandir')
021.953  000.024  000.024: require('plenary.tbl')
021.955  000.066  000.043: require('plenary.vararg.rotate')
021.956  000.089  000.022: require('plenary.vararg')
021.976  000.019  000.019: require('plenary.errors')
021.978  000.139  000.031: require('plenary.async.async')
022.064  000.019  000.019: require('plenary.async.structs')
022.071  000.050  000.031: require('plenary.async.control')
022.074  000.076  000.026: require('plenary.async.util')
022.093  000.114  000.038: require('plenary.async.tests')
022.095  000.301  000.048: require('plenary.async')
022.169  002.217  000.138: require('telescope._extensions.file_browser.actions')
022.345  000.048  000.048: require('telescope._extensions.file_browser.git')
022.380  000.034  000.034: require('telescope._extensions.file_browser.make_entry_utils')
022.428  000.048  000.048: require('telescope._extensions.file_browser.fs_stat')
022.431  000.199  000.069: require('telescope._extensions.file_browser.make_entry')
022.664  000.037  000.037: require('plenary.class')
022.676  000.148  000.111: require('telescope._')
022.898  000.220  000.220: require('telescope.make_entry')
022.901  000.468  000.100: require('telescope.finders.async_oneshot_finder')
023.042  000.053  000.053: require('telescope.finders.async_static_finder')
023.086  000.043  000.043: require('telescope.finders.async_job_finder')
023.094  000.192  000.096: require('telescope.finders')
023.099  000.929  000.069: require('telescope._extensions.file_browser.finders')
023.393  000.100  000.100: require('telescope.debounce')
023.489  000.095  000.095: require('telescope.mappings')
023.539  000.049  000.049: require('telescope.pickers.highlights')
023.601  000.061  000.061: require('telescope.pickers.window')
023.679  000.077  000.077: require('telescope.pickers.layout')
023.874  000.120  000.120: require('telescope.algos.linked_list')
023.879  000.199  000.079: require('telescope.entry_manager')
023.951  000.072  000.072: require('telescope.pickers.multi')
023.980  000.825  000.173: require('telescope.pickers')
023.981  000.882  000.057: require('telescope._extensions.file_browser.picker')
024.121  000.139  000.139: require('telescope._extensions.file_browser.config')
024.128  004.212  000.046: require('telescope._extensions.file_browser')
024.396  000.026  000.026: require('telescope-undo.actions')
024.399  000.122  000.095: require('telescope._extensions.undo')
024.456  000.031  000.031: require('telescope._extensions.noice')
024.462  009.528  000.764: sourcing /home/yash/.config/nvim/plug-config/telescope-config.rc.vim
024.721  000.108  000.108: require('lspconfig.util')
024.754  000.031  000.031: require('lspconfig.async')
024.755  000.167  000.028: require('lspconfig.configs')
024.759  000.198  000.031: require('lspconfig')
024.853  000.035  000.035: require('vim.lsp.completion')
024.884  000.124  000.089: require('vim.lsp.handlers')
024.913  000.027  000.027: require('vim.lsp.diagnostic')
025.046  000.132  000.132: require('vim.diagnostic')
025.096  000.032  000.032: require('lspconfig.ui.windows')
025.187  000.031  000.031: require('vim.iter')
025.192  000.058  000.027: require('lspconfig.configs.jedi_language_server')
025.407  000.027  000.027: require('lspconfig.manager')
025.430  000.021  000.021: require('lspconfig.configs.rust_analyzer')
025.560  000.023  000.023: require('lspconfig.configs.ts_ls')
025.624  000.019  000.019: require('lspconfig.configs.emmet_ls')
025.704  000.023  000.023: require('lspconfig.configs.solidity_ls_nomicfoundation')
025.776  000.047  000.047: require('lspconfig.configs.texlab')
025.851  000.025  000.025: require('lspconfig.configs.clangd')
025.897  000.016  000.016: require('lspconfig.configs.verible')
025.959  001.476  000.703: sourcing /home/yash/.config/nvim/plug-config/lsp-config.vim
026.021  000.029  000.029: sourcing /home/yash/.config/nvim/plug-config/neoformat.rc.vim
026.167  000.020  000.020: sourcing /usr/share/nvim/runtime/filetype.lua
026.243  000.007  000.007: sourcing /usr/share/nvim/runtime/ftplugin.vim
026.307  000.004  000.004: sourcing /usr/share/nvim/runtime/indent.vim
026.322  000.288  000.257: sourcing /home/yash/.config/nvim/plug-config/vimtex.rc.vim
026.397  000.016  000.016: require('git-conflict.colors')
026.413  000.016  000.016: require('git-conflict.utils')
026.429  000.015  000.015: require('vim.deprecated.health')
026.455  000.018  000.018: require('vim.hl')
026.475  000.137  000.072: require('git-conflict')
026.786  000.022  000.022: require('lualine_require')
026.930  000.205  000.182: require('lualine')
026.955  000.020  000.020: require('noice.api')
026.973  000.016  000.016: require('noice.api.status')
027.236  000.007  000.007: sourcing nvim_exec2() called at /home/yash/.config/nvim/init.vim:225
027.459  000.005  000.005: sourcing nvim_exec2() called at /home/yash/.config/nvim/init.vim:225
027.497  000.002  000.002: sourcing nvim_exec2() called at /home/yash/.config/nvim/init.vim:225
027.502  000.002  000.002: sourcing nvim_exec2() called at /home/yash/.config/nvim/init.vim:225
027.509  000.005  000.005: sourcing nvim_exec2() called at /home/yash/.config/nvim/init.vim:225
027.895  000.004  000.004: sourcing nvim_exec2() called at /home/yash/.config/nvim/init.vim:225
027.904  000.001  000.001: sourcing nvim_exec2() called at /home/yash/.config/nvim/init.vim:225
027.910  000.001  000.001: sourcing nvim_exec2() called at /home/yash/.config/nvim/init.vim:225
027.917  000.001  000.001: sourcing nvim_exec2() called at /home/yash/.config/nvim/init.vim:225
027.921  000.001  000.001: sourcing nvim_exec2() called at /home/yash/.config/nvim/init.vim:225
027.926  000.001  000.001: sourcing nvim_exec2() called at /home/yash/.config/nvim/init.vim:225
027.932  000.001  000.001: sourcing nvim_exec2() called at /home/yash/.config/nvim/init.vim:225
027.966  000.001  000.001: sourcing nvim_exec2() called at /home/yash/.config/nvim/init.vim:225
028.026  000.002  000.002: sourcing nvim_exec2() called at /home/yash/.config/nvim/init.vim:225
028.044  000.001  000.001: sourcing nvim_exec2() called at /home/yash/.config/nvim/init.vim:225
028.050  000.001  000.001: sourcing nvim_exec2() called at /home/yash/.config/nvim/init.vim:225
028.054  000.001  000.001: sourcing nvim_exec2() called at /home/yash/.config/nvim/init.vim:225
028.059  000.001  000.001: sourcing nvim_exec2() called at /home/yash/.config/nvim/init.vim:225
028.064  000.001  000.001: sourcing nvim_exec2() called at /home/yash/.config/nvim/init.vim:225
028.162  000.003  000.003: sourcing nvim_exec2() called at /home/yash/.config/nvim/init.vim:225
028.168  000.001  000.001: sourcing nvim_exec2() called at /home/yash/.config/nvim/init.vim:225
028.174  000.001  000.001: sourcing nvim_exec2() called at /home/yash/.config/nvim/init.vim:225
028.181  000.001  000.001: sourcing nvim_exec2() called at /home/yash/.config/nvim/init.vim:225
028.185  000.001  000.001: sourcing nvim_exec2() called at /home/yash/.config/nvim/init.vim:225
028.190  000.001  000.001: sourcing nvim_exec2() called at /home/yash/.config/nvim/init.vim:225
028.197  000.002  000.002: sourcing nvim_exec2() called at /home/yash/.config/nvim/init.vim:225
028.274  000.004  000.004: sourcing nvim_exec2() called at /home/yash/.config/nvim/init.vim:225
028.282  000.002  000.002: sourcing nvim_exec2() called at /home/yash/.config/nvim/init.vim:225
028.286  000.002  000.002: sourcing nvim_exec2() called at /home/yash/.config/nvim/init.vim:225
028.291  000.002  000.002: sourcing nvim_exec2() called at /home/yash/.config/nvim/init.vim:225
028.297  000.002  000.002: sourcing nvim_exec2() called at /home/yash/.config/nvim/init.vim:225
028.301  000.001  000.001: sourcing nvim_exec2() called at /home/yash/.config/nvim/init.vim:225
028.306  000.002  000.002: sourcing nvim_exec2() called at /home/yash/.config/nvim/init.vim:225
028.573  000.004  000.004: sourcing nvim_exec2() called at /home/yash/.config/nvim/init.vim:225
028.578  000.002  000.002: sourcing nvim_exec2() called at /home/yash/.config/nvim/init.vim:225
028.583  000.002  000.002: sourcing nvim_exec2() called at /home/yash/.config/nvim/init.vim:225
028.589  000.002  000.002: sourcing nvim_exec2() called at /home/yash/.config/nvim/init.vim:225
028.604  000.001  000.001: sourcing nvim_exec2() called at /home/yash/.config/nvim/init.vim:225
028.618  000.002  000.002: sourcing nvim_exec2() called at /home/yash/.config/nvim/init.vim:225
028.629  000.003  000.003: sourcing nvim_exec2() called at /home/yash/.config/nvim/init.vim:225
028.635  000.002  000.002: sourcing nvim_exec2() called at /home/yash/.config/nvim/init.vim:225
028.646  000.001  000.001: sourcing nvim_exec2() called at /home/yash/.config/nvim/init.vim:225
028.683  000.002  000.002: sourcing nvim_exec2() called at /home/yash/.config/nvim/init.vim:225
028.732  000.002  000.002: sourcing nvim_exec2() called at /home/yash/.config/nvim/init.vim:225
028.738  000.001  000.001: sourcing nvim_exec2() called at /home/yash/.config/nvim/init.vim:225
028.741  000.001  000.001: sourcing nvim_exec2() called at /home/yash/.config/nvim/init.vim:225
028.745  000.001  000.001: sourcing nvim_exec2() called at /home/yash/.config/nvim/init.vim:225
028.752  000.002  000.002: sourcing nvim_exec2() called at /home/yash/.config/nvim/init.vim:225
028.777  000.002  000.002: sourcing nvim_exec2() called at /home/yash/.config/nvim/init.vim:225
028.788  000.001  000.001: sourcing nvim_exec2() called at /home/yash/.config/nvim/init.vim:225
028.791  000.001  000.001: sourcing nvim_exec2() called at /home/yash/.config/nvim/init.vim:225
028.796  000.001  000.001: sourcing nvim_exec2() called at /home/yash/.config/nvim/init.vim:225
028.799  000.001  000.001: sourcing nvim_exec2() called at /home/yash/.config/nvim/init.vim:225
028.802  000.001  000.001: sourcing nvim_exec2() called at /home/yash/.config/nvim/init.vim:225
028.817  000.001  000.001: sourcing nvim_exec2() called at /home/yash/.config/nvim/init.vim:225
028.821  000.001  000.001: sourcing nvim_exec2() called at /home/yash/.config/nvim/init.vim:225
028.824  000.001  000.001: sourcing nvim_exec2() called at /home/yash/.config/nvim/init.vim:225
028.829  000.002  000.002: sourcing nvim_exec2() called at /home/yash/.config/nvim/init.vim:225
028.832  000.001  000.001: sourcing nvim_exec2() called at /home/yash/.config/nvim/init.vim:225
028.837  000.001  000.001: sourcing nvim_exec2() called at /home/yash/.config/nvim/init.vim:225
028.840  000.001  000.001: sourcing nvim_exec2() called at /home/yash/.config/nvim/init.vim:225
028.858  000.002  000.002: sourcing nvim_exec2() called at /home/yash/.config/nvim/init.vim:225
028.865  000.001  000.001: sourcing nvim_exec2() called at /home/yash/.config/nvim/init.vim:225
028.869  000.001  000.001: sourcing nvim_exec2() called at /home/yash/.config/nvim/init.vim:225
028.874  000.002  000.002: sourcing nvim_exec2() called at /home/yash/.config/nvim/init.vim:225
028.878  000.001  000.001: sourcing nvim_exec2() called at /home/yash/.config/nvim/init.vim:225
028.883  000.001  000.001: sourcing nvim_exec2() called at /home/yash/.config/nvim/init.vim:225
028.887  000.001  000.001: sourcing nvim_exec2() called at /home/yash/.config/nvim/init.vim:225
028.941  000.002  000.002: sourcing nvim_exec2() called at /home/yash/.config/nvim/init.vim:225
028.945  000.001  000.001: sourcing nvim_exec2() called at /home/yash/.config/nvim/init.vim:225
028.985  000.001  000.001: sourcing nvim_exec2() called at /home/yash/.config/nvim/init.vim:225
028.989  000.001  000.001: sourcing nvim_exec2() called at /home/yash/.config/nvim/init.vim:225
028.995  000.001  000.001: sourcing nvim_exec2() called at /home/yash/.config/nvim/init.vim:225
028.998  000.001  000.001: sourcing nvim_exec2() called at /home/yash/.config/nvim/init.vim:225
029.003  000.001  000.001: sourcing nvim_exec2() called at /home/yash/.config/nvim/init.vim:225
029.057  000.002  000.002: sourcing nvim_exec2() called at /home/yash/.config/nvim/init.vim:225
029.061  000.001  000.001: sourcing nvim_exec2() called at /home/yash/.config/nvim/init.vim:225
029.066  000.001  000.001: sourcing nvim_exec2() called at /home/yash/.config/nvim/init.vim:225
029.069  000.001  000.001: sourcing nvim_exec2() called at /home/yash/.config/nvim/init.vim:225
029.072  000.001  000.001: sourcing nvim_exec2() called at /home/yash/.config/nvim/init.vim:225
029.080  000.001  000.001: sourcing nvim_exec2() called at /home/yash/.config/nvim/init.vim:225
029.083  000.001  000.001: sourcing nvim_exec2() called at /home/yash/.config/nvim/init.vim:225
029.193  000.002  000.002: sourcing nvim_exec2() called at /home/yash/.config/nvim/init.vim:225
029.198  000.002  000.002: sourcing nvim_exec2() called at /home/yash/.config/nvim/init.vim:225
029.201  000.001  000.001: sourcing nvim_exec2() called at /home/yash/.config/nvim/init.vim:225
029.205  000.001  000.001: sourcing nvim_exec2() called at /home/yash/.config/nvim/init.vim:225
029.209  000.001  000.001: sourcing nvim_exec2() called at /home/yash/.config/nvim/init.vim:225
029.213  000.001  000.001: sourcing nvim_exec2() called at /home/yash/.config/nvim/init.vim:225
029.216  000.001  000.001: sourcing nvim_exec2() called at /home/yash/.config/nvim/init.vim:225
029.233  000.002  000.002: sourcing nvim_exec2() called at /home/yash/.config/nvim/init.vim:225
029.236  000.001  000.001: sourcing nvim_exec2() called at /home/yash/.config/nvim/init.vim:225
029.241  000.002  000.002: sourcing nvim_exec2() called at /home/yash/.config/nvim/init.vim:225
029.244  000.001  000.001: sourcing nvim_exec2() called at /home/yash/.config/nvim/init.vim:225
029.247  000.001  000.001: sourcing nvim_exec2() called at /home/yash/.config/nvim/init.vim:225
029.260  000.001  000.001: sourcing nvim_exec2() called at /home/yash/.config/nvim/init.vim:225
029.263  000.001  000.001: sourcing nvim_exec2() called at /home/yash/.config/nvim/init.vim:225
029.272  000.001  000.001: sourcing nvim_exec2() called at /home/yash/.config/nvim/init.vim:225
029.275  000.001  000.001: sourcing nvim_exec2() called at /home/yash/.config/nvim/init.vim:225
029.280  000.001  000.001: sourcing nvim_exec2() called at /home/yash/.config/nvim/init.vim:225
029.282  000.001  000.001: sourcing nvim_exec2() called at /home/yash/.config/nvim/init.vim:225
029.285  000.001  000.001: sourcing nvim_exec2() called at /home/yash/.config/nvim/init.vim:225
029.290  000.001  000.001: sourcing nvim_exec2() called at /home/yash/.config/nvim/init.vim:225
029.293  000.001  000.001: sourcing nvim_exec2() called at /home/yash/.config/nvim/init.vim:225
029.351  000.002  000.002: sourcing nvim_exec2() called at /home/yash/.config/nvim/init.vim:225
029.360  000.001  000.001: sourcing nvim_exec2() called at /home/yash/.config/nvim/init.vim:225
029.363  000.001  000.001: sourcing nvim_exec2() called at /home/yash/.config/nvim/init.vim:225
029.366  000.001  000.001: sourcing nvim_exec2() called at /home/yash/.config/nvim/init.vim:225
029.371  000.001  000.001: sourcing nvim_exec2() called at /home/yash/.config/nvim/init.vim:225
029.374  000.001  000.001: sourcing nvim_exec2() called at /home/yash/.config/nvim/init.vim:225
029.377  000.001  000.001: sourcing nvim_exec2() called at /home/yash/.config/nvim/init.vim:225
029.481  000.007  000.007: sourcing nvim_exec2() called at /home/yash/.config/nvim/init.vim:225
029.485  000.003  000.003: sourcing nvim_exec2() called at /home/yash/.config/nvim/init.vim:225
029.580  000.003  000.003: sourcing nvim_exec2() called at /home/yash/.config/nvim/init.vim:225
029.584  000.001  000.001: sourcing nvim_exec2() called at /home/yash/.config/nvim/init.vim:225
029.592  000.001  000.001: sourcing nvim_exec2() called at /home/yash/.config/nvim/init.vim:225
029.595  000.002  000.002: sourcing nvim_exec2() called at /home/yash/.config/nvim/init.vim:225
029.600  000.001  000.001: sourcing nvim_exec2() called at /home/yash/.config/nvim/init.vim:225
029.603  000.001  000.001: sourcing nvim_exec2() called at /home/yash/.config/nvim/init.vim:225
029.606  000.001  000.001: sourcing nvim_exec2() called at /home/yash/.config/nvim/init.vim:225
029.612  000.002  000.002: sourcing nvim_exec2() called at /home/yash/.config/nvim/init.vim:225
029.615  000.001  000.001: sourcing nvim_exec2() called at /home/yash/.config/nvim/init.vim:225
029.623  000.001  000.001: sourcing nvim_exec2() called at /home/yash/.config/nvim/init.vim:225
029.627  000.001  000.001: sourcing nvim_exec2() called at /home/yash/.config/nvim/init.vim:225
029.630  000.001  000.001: sourcing nvim_exec2() called at /home/yash/.config/nvim/init.vim:225
029.633  000.001  000.001: sourcing nvim_exec2() called at /home/yash/.config/nvim/init.vim:225
029.638  000.001  000.001: sourcing nvim_exec2() called at /home/yash/.config/nvim/init.vim:225
029.642  000.001  000.001: sourcing nvim_exec2() called at /home/yash/.config/nvim/init.vim:225
029.656  000.001  000.001: sourcing nvim_exec2() called at /home/yash/.config/nvim/init.vim:225
029.659  000.001  000.001: sourcing nvim_exec2() called at /home/yash/.config/nvim/init.vim:225
029.662  000.001  000.001: sourcing nvim_exec2() called at /home/yash/.config/nvim/init.vim:225
029.666  000.001  000.001: sourcing nvim_exec2() called at /home/yash/.config/nvim/init.vim:225
029.671  000.001  000.001: sourcing nvim_exec2() called at /home/yash/.config/nvim/init.vim:225
029.674  000.001  000.001: sourcing nvim_exec2() called at /home/yash/.config/nvim/init.vim:225
029.767  000.004  000.004: sourcing nvim_exec2() called at /home/yash/.config/nvim/init.vim:225
029.771  000.001  000.001: sourcing nvim_exec2() called at /home/yash/.config/nvim/init.vim:225
029.774  000.001  000.001: sourcing nvim_exec2() called at /home/yash/.config/nvim/init.vim:225
029.778  000.002  000.002: sourcing nvim_exec2() called at /home/yash/.config/nvim/init.vim:225
030.754  000.016  000.016: sourcing nvim_exec2() called at /home/yash/.config/nvim/init.vim:225
030.763  000.002  000.002: sourcing nvim_exec2() called at /home/yash/.config/nvim/init.vim:225
030.768  000.002  000.002: sourcing nvim_exec2() called at /home/yash/.config/nvim/init.vim:225
030.774  000.001  000.001: sourcing nvim_exec2() called at /home/yash/.config/nvim/init.vim:225
030.781  000.003  000.003: sourcing nvim_exec2() called at /home/yash/.config/nvim/init.vim:225
030.785  000.001  000.001: sourcing nvim_exec2() called at /home/yash/.config/nvim/init.vim:225
030.790  000.001  000.001: sourcing nvim_exec2() called at /home/yash/.config/nvim/init.vim:225
030.835  000.002  000.002: sourcing nvim_exec2() called at /home/yash/.config/nvim/init.vim:225
030.842  000.002  000.002: sourcing nvim_exec2() called at /home/yash/.config/nvim/init.vim:225
030.845  000.001  000.001: sourcing nvim_exec2() called at /home/yash/.config/nvim/init.vim:225
030.850  000.001  000.001: sourcing nvim_exec2() called at /home/yash/.config/nvim/init.vim:225
030.853  000.001  000.001: sourcing nvim_exec2() called at /home/yash/.config/nvim/init.vim:225
030.859  000.001  000.001: sourcing nvim_exec2() called at /home/yash/.config/nvim/init.vim:225
030.864  000.001  000.001: sourcing nvim_exec2() called at /home/yash/.config/nvim/init.vim:225
031.040  000.060  000.060: require('lspsaga')
031.142  000.032  000.032: require('lspsaga.lspkind')
031.143  000.067  000.036: require('lspsaga.highlight')
031.301  000.040  000.040: require('vim.version')
033.212  000.759  000.759: require('lspsaga.symbol.head')
033.396  000.045  000.045: require('Comment')
033.430  000.032  000.032: require('Comment.config')
033.680  000.140  000.140: require('Comment.ft')
033.685  000.210  000.070: require('Comment.utils')
033.732  000.046  000.046: require('Comment.opfunc')
033.780  000.047  000.047: require('Comment.extra')
033.782  000.346  000.044: require('Comment.api')
034.022  000.071  000.071: require('neogit')
034.545  000.375  000.375: require('neogit.lib.util')
034.581  000.549  000.174: require('neogit.config')
034.620  000.039  000.039: require('neogit.lib.signs')
034.663  000.042  000.042: require('neogit.autocmds')
034.960  000.178  000.178: require('neogit.lib.color')
034.963  000.299  000.122: require('neogit.lib.hl')
035.111  000.112  000.112: require('neogit.logger')
035.114  000.151  000.038: require('neogit.lib.state')
035.733  000.121  000.121: require('neogit.lib.ui.component')
035.890  000.155  000.155: require('neogit.lib.ui.renderer')
035.965  000.074  000.074: require('neogit.lib.collection')
035.990  000.586  000.235: require('neogit.lib.ui')
036.011  000.793  000.208: require('neogit.lib.buffer')
036.661  000.104  000.104: require('neogit.lib.git')
036.678  000.507  000.402: require('neogit.buffers.common')
036.698  000.686  000.180: require('neogit.buffers.status.ui')
036.761  000.062  000.062: require('neogit.popups')
036.785  000.023  000.023: require('neogit.watcher')
036.787  001.670  000.105: require('neogit.buffers.status')
036.981  000.025  000.025: require('neogit.lib.notification')
036.987  000.067  000.042: require('neogit.lib.popup.builder')
037.014  000.026  000.026: require('neogit.lib.input')
037.095  000.056  000.056: require('neogit.lib.finder')
037.097  000.082  000.025: require('neogit.buffers.fuzzy_finder')
037.132  000.033  000.033: require('neogit.lib.popup.ui')
037.137  000.295  000.087: require('neogit.lib.popup')
037.138  000.350  000.054: require('neogit.lib')
037.268  000.026  000.026: require('neogit.buffers.process')
037.289  000.020  000.020: require('neogit.spinner')
037.298  000.088  000.042: require('neogit.process')
037.322  000.023  000.023: require('neogit.runner')
037.343  000.203  000.092: require('neogit.lib.git.cli')
038.930  000.028  000.028: require('leap')
038.959  000.026  000.026: require('leap.user')
039.095  036.965  013.979: sourcing /home/yash/.config/nvim/init.vim
039.099  000.237: sourcing vimrc file(s)
039.437  000.060  000.060: sourcing /home/yash/.vim/plugged/Comment.nvim/plugin/Comment.lua
039.567  000.027  000.027: sourcing /home/yash/.vim/plugged/vimtex/plugin/vimtex.vim
039.821  000.183  000.183: sourcing /home/yash/.vim/plugged/leap.nvim/plugin/init.lua
040.032  000.157  000.157: sourcing /home/yash/.vim/plugged/vim-closetag/plugin/closetag.vim
040.081  000.011  000.011: sourcing /home/yash/.vim/plugged/nvim-colorizer.lua/plugin/colorizer.vim
040.997  000.882  000.882: sourcing /home/yash/.vim/plugged/nvim-lspconfig/plugin/lspconfig.lua
041.206  000.109  000.109: sourcing /home/yash/.vim/plugged/telescope.nvim/plugin/telescope.lua
041.269  000.015  000.015: sourcing /home/yash/.vim/plugged/plenary.nvim/plugin/plenary.vim
041.330  000.020  000.020: sourcing /home/yash/.vim/plugged/nvim-web-devicons/plugin/nvim-web-devicons.vim
041.402  000.039  000.039: sourcing /home/yash/.vim/plugged/lspsaga.nvim/plugin/lspsaga.lua
041.448  000.011  000.011: sourcing /home/yash/.vim/plugged/neoformat/plugin/neoformat.vim
041.524  000.044  000.044: sourcing /home/yash/.vim/plugged/neogit/plugin/neogit.lua
041.627  000.019  000.019: require('diffview.lazy')
041.730  000.021  000.021: require('diffview.ffi')
041.753  000.022  000.022: require('diffview.oop')
041.760  000.077  000.035: require('diffview.async')
041.849  000.056  000.056: require('diffview.utils')
041.895  000.019  000.019: require('diffview.mock')
041.904  000.250  000.098: require('diffview.logger')
041.943  000.029  000.029: require('diffview.control')
041.969  000.020  000.020: require('diffview.events')
041.972  000.387  000.068: require('diffview.bootstrap')
041.981  000.421  000.034: sourcing /home/yash/.vim/plugged/diffview.nvim/plugin/diffview.lua
042.241  000.087  000.087: sourcing /usr/share/nvim/runtime/plugin/gzip.vim
042.580  000.097  000.097: sourcing /usr/share/nvim/runtime/pack/dist/opt/matchit/plugin/matchit.vim
042.601  000.351  000.254: sourcing /usr/share/nvim/runtime/plugin/matchit.vim
042.678  000.067  000.067: sourcing /usr/share/nvim/runtime/plugin/matchparen.vim
043.023  000.106  000.106: sourcing /usr/share/nvim/runtime/pack/dist/opt/netrw/plugin/netrwPlugin.vim
043.042  000.354  000.248: sourcing /usr/share/nvim/runtime/plugin/netrwPlugin.vim
043.124  000.070  000.070: sourcing /usr/share/nvim/runtime/plugin/rplugin.vim
043.162  000.025  000.025: sourcing /usr/share/nvim/runtime/plugin/shada.vim
043.181  000.008  000.008: sourcing /usr/share/nvim/runtime/plugin/spellfile.vim
043.236  000.043  000.043: sourcing /usr/share/nvim/runtime/plugin/tarPlugin.vim
043.255  000.007  000.007: sourcing /usr/share/nvim/runtime/plugin/tutor.vim
043.321  000.055  000.055: sourcing /usr/share/nvim/runtime/plugin/zipPlugin.vim
043.362  000.029  000.029: sourcing /usr/share/nvim/runtime/plugin/editorconfig.lua
043.396  000.023  000.023: sourcing /usr/share/nvim/runtime/plugin/man.lua
043.425  000.018  000.018: sourcing /usr/share/nvim/runtime/plugin/osc52.lua
043.451  000.014  000.014: sourcing /usr/share/nvim/runtime/plugin/tohtml.lua
043.843  000.023  000.023: require('vim.provider')
043.873  000.028  000.028: require('vim.provider.python')
043.948  000.032  000.032: require('vim._system')
078.212  000.117  000.117: sourcing /usr/share/nvim/runtime/autoload/remote/host.vim
078.270  034.470  034.271: sourcing /usr/share/nvim/runtime/autoload/provider/python3.vim
078.299  034.798  000.328: sourcing /usr/share/vim/vimfiles/plugin/black.vim
078.690  000.361  000.361: sourcing /usr/share/vim/vimfiles/plugin/fzf.vim
078.696  001.308: loading rtp plugins
078.781  000.084: loading packages
078.788  000.007: loading after plugins
078.799  000.011: inits 3
080.191  001.393: reading ShaDa
081.590  000.962  000.962: require('vim.filetype')
082.510  000.127  000.127: sourcing /usr/share/nvim/runtime/ftplugin/vim.vim
083.216  000.057  000.057: sourcing /usr/share/nvim/runtime/indent/vim.vim
086.583  000.414  000.414: sourcing /usr/share/nvim/runtime/syntax/lua.vim
086.961  003.001  002.586: sourcing /usr/share/nvim/runtime/syntax/vim.vim
087.481  000.486  000.486: sourcing /usr/share/nvim/runtime/syntax/vim/generated.vim
108.485  000.208  000.208: require('editorconfig')
108.623  023.592: opening buffers
109.619  000.995: BufEnter autocommands
109.624  000.005: editing files in windows
129.656  020.032: --- NVIM STARTED ---

--- Startup times for process: Primary (or UI client) ---

times in msec
 clock   self+sourced   self:  sourced script
 clock   elapsed:              other lines

000.001  000.001: --- NVIM STARTING ---
000.096  000.096: event init
000.163  000.067: early init
000.190  000.027: locale set
000.218  000.028: init first window
000.474  000.256: inits 1
000.478  000.004: window checked
000.506  000.028: parsing arguments
000.836  000.026  000.026: require('vim.shared')
000.903  000.025  000.025: require('vim.inspect')
000.942  000.025  000.025: require('vim._options')
000.943  000.105  000.056: require('vim._editor')
000.944  000.150  000.018: require('vim._init_packages')
000.945  000.289: init lua interpreter
002.854  001.910: nvim_ui_attach
003.074  000.220: nvim_set_client_info
003.075  000.001: --- NVIM STARTED ---

--- Startup times for process: Embedded ---

times in msec
 clock   self+sourced   self:  sourced script
 clock   elapsed:              other lines

000.000  000.000: --- NVIM STARTING ---
000.106  000.105: event init
000.186  000.080: early init
000.212  000.027: locale set
000.247  000.034: init first window
000.488  000.241: inits 1
000.498  000.010: window checked
000.523  000.025: parsing arguments
000.846  000.029  000.029: require('vim.shared')
000.909  000.025  000.025: require('vim.inspect')
000.939  000.023  000.023: require('vim._options')
000.940  000.092  000.044: require('vim._editor')
000.940  000.136  000.015: require('vim._init_packages')
000.941  000.282: init lua interpreter
000.979  000.038: expanding arguments
000.990  000.011: inits 2
001.142  000.151: init highlight
001.142  000.001: waiting for UI
001.250  000.107: done waiting for UI
001.255  000.005: clear screen
001.330  000.006  000.006: require('vim.keymap')
001.769  000.078  000.078: sourcing nvim_exec2()
001.849  000.593  000.509: require('vim._defaults')
001.851  000.003: init default mappings & autocommands
002.077  000.028  000.028: sourcing /usr/share/nvim/runtime/ftplugin.vim
002.110  000.013  000.013: sourcing /usr/share/nvim/runtime/indent.vim
002.139  000.005  000.005: sourcing /usr/share/nvim/archlinux.vim
002.140  000.018  000.013: sourcing /etc/xdg/nvim/sysinit.vim
002.253  000.071  000.071: require('vim.fs')
002.496  000.241  000.241: require('vim.uri')
002.517  000.353  000.040: require('vim.loader')
003.377  000.737  000.737: sourcing /home/yash/.local/share/nvim/site/autoload/plug.vim
006.981  000.006  000.006: sourcing /home/yash/.vim/plugged/yuck.vim/ftdetect/yuck.vim
007.038  000.009  000.009: sourcing /home/yash/.vim/plugged/vimtex/ftdetect/cls.vim
007.059  000.010  000.010: sourcing /home/yash/.vim/plugged/vimtex/ftdetect/tex.vim
007.075  000.006  000.006: sourcing /home/yash/.vim/plugged/vimtex/ftdetect/tikz.vim
007.156  000.008  000.008: sourcing /usr/share/nvim/site/ftdetect/ghostty.vim
007.209  000.009  000.009: sourcing /usr/share/vim/vimfiles/ftdetect/PKGBUILD.vim
007.223  000.006  000.006: sourcing /usr/share/vim/vimfiles/ftdetect/SRCINFO.vim
007.242  000.008  000.008: sourcing /usr/share/vim/vimfiles/ftdetect/ghostty.vim
007.263  000.012  000.012: sourcing /usr/share/vim/vimfiles/ftdetect/meson.vim
007.265  000.345  000.272: sourcing nvim_exec2() called at /usr/share/nvim/runtime/filetype.lua:0
007.267  000.435  000.089: sourcing /usr/share/nvim/runtime/filetype.lua
007.338  000.004  000.004: sourcing /usr/share/nvim/runtime/ftplugin.vim
007.401  000.003  000.003: sourcing /usr/share/nvim/runtime/indent.vim
007.529  000.034  000.034: sourcing /usr/share/nvim/runtime/syntax/synload.vim
007.570  000.149  000.115: sourcing /usr/share/nvim/runtime/syntax/syntax.vim
008.059  000.048  000.048: require('gruvbox.hsluv')
008.064  000.151  000.103: require('gruvbox.util')
008.185  000.033  000.033: require('gruvbox.colors')
008.187  000.121  000.089: require('gruvbox.theme')
008.188  000.538  000.265: require('gruvbox')
008.217  000.028  000.028: require('gruvbox.config')
008.464  000.109  000.109: sourcing nvim_exec2() called at /home/yash/.vim/plugged/gruvbox-flat.nvim/colors/gruvbox-flat.vim:9
008.546  000.077  000.077: sourcing nvim_exec2() called at /home/yash/.vim/plugged/gruvbox-flat.nvim/colors/gruvbox-flat.vim:9
008.556  000.002  000.002: sourcing nvim_exec2() called at /home/yash/.vim/plugged/gruvbox-flat.nvim/colors/gruvbox-flat.vim:9
008.560  000.002  000.002: sourcing nvim_exec2() called at /home/yash/.vim/plugged/gruvbox-flat.nvim/colors/gruvbox-flat.vim:9
008.564  000.001  000.001: sourcing nvim_exec2() called at /home/yash/.vim/plugged/gruvbox-flat.nvim/colors/gruvbox-flat.vim:9
008.566  000.001  000.001: sourcing nvim_exec2() called at /home/yash/.vim/plugged/gruvbox-flat.nvim/colors/gruvbox-flat.vim:9
008.569  000.001  000.001: sourcing nvim_exec2() called at /home/yash/.vim/plugged/gruvbox-flat.nvim/colors/gruvbox-flat.vim:9
008.572  000.001  000.001: sourcing nvim_exec2() called at /home/yash/.vim/plugged/gruvbox-flat.nvim/colors/gruvbox-flat.vim:9
008.599  000.001  000.001: sourcing nvim_exec2() called at /home/yash/.vim/plugged/gruvbox-flat.nvim/colors/gruvbox-flat.vim:9
008.603  000.001  000.001: sourcing nvim_exec2() called at /home/yash/.vim/plugged/gruvbox-flat.nvim/colors/gruvbox-flat.vim:9
008.621  000.001  000.001: sourcing nvim_exec2() called at /home/yash/.vim/plugged/gruvbox-flat.nvim/colors/gruvbox-flat.vim:9
008.623  000.001  000.001: sourcing nvim_exec2() called at /home/yash/.vim/plugged/gruvbox-flat.nvim/colors/gruvbox-flat.vim:9
008.625  000.001  000.001: sourcing nvim_exec2() called at /home/yash/.vim/plugged/gruvbox-flat.nvim/colors/gruvbox-flat.vim:9
008.630  000.001  000.001: sourcing nvim_exec2() called at /home/yash/.vim/plugged/gruvbox-flat.nvim/colors/gruvbox-flat.vim:9
008.632  000.001  000.001: sourcing nvim_exec2() called at /home/yash/.vim/plugged/gruvbox-flat.nvim/colors/gruvbox-flat.vim:9
008.635  000.001  000.001: sourcing nvim_exec2() called at /home/yash/.vim/plugged/gruvbox-flat.nvim/colors/gruvbox-flat.vim:9
008.637  000.001  000.001: sourcing nvim_exec2() called at /home/yash/.vim/plugged/gruvbox-flat.nvim/colors/gruvbox-flat.vim:9
008.639  000.001  000.001: sourcing nvim_exec2() called at /home/yash/.vim/plugged/gruvbox-flat.nvim/colors/gruvbox-flat.vim:9
008.642  000.001  000.001: sourcing nvim_exec2() called at /home/yash/.vim/plugged/gruvbox-flat.nvim/colors/gruvbox-flat.vim:9
008.662  000.001  000.001: sourcing nvim_exec2() called at /home/yash/.vim/plugged/gruvbox-flat.nvim/colors/gruvbox-flat.vim:9
008.664  000.001  000.001: sourcing nvim_exec2() called at /home/yash/.vim/plugged/gruvbox-flat.nvim/colors/gruvbox-flat.vim:9
008.668  000.001  000.001: sourcing nvim_exec2() called at /home/yash/.vim/plugged/gruvbox-flat.nvim/colors/gruvbox-flat.vim:9
008.670  000.001  000.001: sourcing nvim_exec2() called at /home/yash/.vim/plugged/gruvbox-flat.nvim/colors/gruvbox-flat.vim:9
008.673  000.001  000.001: sourcing nvim_exec2() called at /home/yash/.vim/plugged/gruvbox-flat.nvim/colors/gruvbox-flat.vim:9
008.675  000.001  000.001: sourcing nvim_exec2() called at /home/yash/.vim/plugged/gruvbox-flat.nvim/colors/gruvbox-flat.vim:9
008.677  000.001  000.001: sourcing nvim_exec2() called at /home/yash/.vim/plugged/gruvbox-flat.nvim/colors/gruvbox-flat.vim:9
008.681  000.001  000.001: sourcing nvim_exec2() called at /home/yash/.vim/plugged/gruvbox-flat.nvim/colors/gruvbox-flat.vim:9
008.683  000.001  000.001: sourcing nvim_exec2() called at /home/yash/.vim/plugged/gruvbox-flat.nvim/colors/gruvbox-flat.vim:9
008.686  000.001  000.001: sourcing nvim_exec2() called at /home/yash/.vim/plugged/gruvbox-flat.nvim/colors/gruvbox-flat.vim:9
008.709  000.001  000.001: sourcing nvim_exec2() called at /home/yash/.vim/plugged/gruvbox-flat.nvim/colors/gruvbox-flat.vim:9
008.711  000.001  000.001: sourcing nvim_exec2() called at /home/yash/.vim/plugged/gruvbox-flat.nvim/colors/gruvbox-flat.vim:9
008.714  000.001  000.001: sourcing nvim_exec2() called at /home/yash/.vim/plugged/gruvbox-flat.nvim/colors/gruvbox-flat.vim:9
008.718  000.001  000.001: sourcing nvim_exec2() called at /home/yash/.vim/plugged/gruvbox-flat.nvim/colors/gruvbox-flat.vim:9
008.720  000.001  000.001: sourcing nvim_exec2() called at /home/yash/.vim/plugged/gruvbox-flat.nvim/colors/gruvbox-flat.vim:9
008.722  000.001  000.001: sourcing nvim_exec2() called at /home/yash/.vim/plugged/gruvbox-flat.nvim/colors/gruvbox-flat.vim:9
008.725  000.001  000.001: sourcing nvim_exec2() called at /home/yash/.vim/plugged/gruvbox-flat.nvim/colors/gruvbox-flat.vim:9
008.727  000.001  000.001: sourcing nvim_exec2() called at /home/yash/.vim/plugged/gruvbox-flat.nvim/colors/gruvbox-flat.vim:9
008.730  000.001  000.001: sourcing nvim_exec2() called at /home/yash/.vim/plugged/gruvbox-flat.nvim/colors/gruvbox-flat.vim:9
008.733  000.001  000.001: sourcing nvim_exec2() called at /home/yash/.vim/plugged/gruvbox-flat.nvim/colors/gruvbox-flat.vim:9
008.737  000.001  000.001: sourcing nvim_exec2() called at /home/yash/.vim/plugged/gruvbox-flat.nvim/colors/gruvbox-flat.vim:9
008.767  000.001  000.001: sourcing nvim_exec2() called at /home/yash/.vim/plugged/gruvbox-flat.nvim/colors/gruvbox-flat.vim:9
008.770  000.001  000.001: sourcing nvim_exec2() called at /home/yash/.vim/plugged/gruvbox-flat.nvim/colors/gruvbox-flat.vim:9
008.772  000.001  000.001: sourcing nvim_exec2() called at /home/yash/.vim/plugged/gruvbox-flat.nvim/colors/gruvbox-flat.vim:9
008.774  000.001  000.001: sourcing nvim_exec2() called at /home/yash/.vim/plugged/gruvbox-flat.nvim/colors/gruvbox-flat.vim:9
008.777  000.001  000.001: sourcing nvim_exec2() called at /home/yash/.vim/plugged/gruvbox-flat.nvim/colors/gruvbox-flat.vim:9
008.780  000.001  000.001: sourcing nvim_exec2() called at /home/yash/.vim/plugged/gruvbox-flat.nvim/colors/gruvbox-flat.vim:9
008.782  000.001  000.001: sourcing nvim_exec2() called at /home/yash/.vim/plugged/gruvbox-flat.nvim/colors/gruvbox-flat.vim:9
008.787  000.001  000.001: sourcing nvim_exec2() called at /home/yash/.vim/plugged/gruvbox-flat.nvim/colors/gruvbox-flat.vim:9
008.789  000.001  000.001: sourcing nvim_exec2() called at /home/yash/.vim/plugged/gruvbox-flat.nvim/colors/gruvbox-flat.vim:9
008.810  000.019  000.019: sourcing nvim_exec2() called at /home/yash/.vim/plugged/gruvbox-flat.nvim/colors/gruvbox-flat.vim:9
008.812  000.001  000.001: sourcing nvim_exec2() called at /home/yash/.vim/plugged/gruvbox-flat.nvim/colors/gruvbox-flat.vim:9
008.815  000.001  000.001: sourcing nvim_exec2() called at /home/yash/.vim/plugged/gruvbox-flat.nvim/colors/gruvbox-flat.vim:9
008.817  000.001  000.001: sourcing nvim_exec2() called at /home/yash/.vim/plugged/gruvbox-flat.nvim/colors/gruvbox-flat.vim:9
008.819  000.001  000.001: sourcing nvim_exec2() called at /home/yash/.vim/plugged/gruvbox-flat.nvim/colors/gruvbox-flat.vim:9
008.822  000.001  000.001: sourcing nvim_exec2() called at /home/yash/.vim/plugged/gruvbox-flat.nvim/colors/gruvbox-flat.vim:9
008.825  000.001  000.001: sourcing nvim_exec2() called at /home/yash/.vim/plugged/gruvbox-flat.nvim/colors/gruvbox-flat.vim:9
008.841  000.001  000.001: sourcing nvim_exec2() called at /home/yash/.vim/plugged/gruvbox-flat.nvim/colors/gruvbox-flat.vim:9
008.844  000.001  000.001: sourcing nvim_exec2() called at /home/yash/.vim/plugged/gruvbox-flat.nvim/colors/gruvbox-flat.vim:9
008.854  000.009  000.009: sourcing nvim_exec2() called at /home/yash/.vim/plugged/gruvbox-flat.nvim/colors/gruvbox-flat.vim:9
008.858  000.001  000.001: sourcing nvim_exec2() called at /home/yash/.vim/plugged/gruvbox-flat.nvim/colors/gruvbox-flat.vim:9
008.861  000.001  000.001: sourcing nvim_exec2() called at /home/yash/.vim/plugged/gruvbox-flat.nvim/colors/gruvbox-flat.vim:9
008.863  000.001  000.001: sourcing nvim_exec2() called at /home/yash/.vim/plugged/gruvbox-flat.nvim/colors/gruvbox-flat.vim:9
008.866  000.001  000.001: sourcing nvim_exec2() called at /home/yash/.vim/plugged/gruvbox-flat.nvim/colors/gruvbox-flat.vim:9
008.868  000.001  000.001: sourcing nvim_exec2() called at /home/yash/.vim/plugged/gruvbox-flat.nvim/colors/gruvbox-flat.vim:9
008.870  000.001  000.001: sourcing nvim_exec2() called at /home/yash/.vim/plugged/gruvbox-flat.nvim/colors/gruvbox-flat.vim:9
008.872  000.001  000.001: sourcing nvim_exec2() called at /home/yash/.vim/plugged/gruvbox-flat.nvim/colors/gruvbox-flat.vim:9
008.877  000.001  000.001: sourcing nvim_exec2() called at /home/yash/.vim/plugged/gruvbox-flat.nvim/colors/gruvbox-flat.vim:9
008.893  000.001  000.001: sourcing nvim_exec2() called at /home/yash/.vim/plugged/gruvbox-flat.nvim/colors/gruvbox-flat.vim:9
008.895  000.001  000.001: sourcing nvim_exec2() called at /home/yash/.vim/plugged/gruvbox-flat.nvim/colors/gruvbox-flat.vim:9
008.897  000.001  000.001: sourcing nvim_exec2() called at /home/yash/.vim/plugged/gruvbox-flat.nvim/colors/gruvbox-flat.vim:9
008.899  000.001  000.001: sourcing nvim_exec2() called at /home/yash/.vim/plugged/gruvbox-flat.nvim/colors/gruvbox-flat.vim:9
008.902  000.001  000.001: sourcing nvim_exec2() called at /home/yash/.vim/plugged/gruvbox-flat.nvim/colors/gruvbox-flat.vim:9
008.904  000.001  000.001: sourcing nvim_exec2() called at /home/yash/.vim/plugged/gruvbox-flat.nvim/colors/gruvbox-flat.vim:9
008.911  000.001  000.001: sourcing nvim_exec2() called at /home/yash/.vim/plugged/gruvbox-flat.nvim/colors/gruvbox-flat.vim:9
008.913  000.001  000.001: sourcing nvim_exec2() called at /home/yash/.vim/plugged/gruvbox-flat.nvim/colors/gruvbox-flat.vim:9
008.916  000.001  000.001: sourcing nvim_exec2() called at /home/yash/.vim/plugged/gruvbox-flat.nvim/colors/gruvbox-flat.vim:9
008.918  000.001  000.001: sourcing nvim_exec2() called at /home/yash/.vim/plugged/gruvbox-flat.nvim/colors/gruvbox-flat.vim:9
008.920  000.001  000.001: sourcing nvim_exec2() called at /home/yash/.vim/plugged/gruvbox-flat.nvim/colors/gruvbox-flat.vim:9
008.922  000.001  000.001: sourcing nvim_exec2() called at /home/yash/.vim/plugged/gruvbox-flat.nvim/colors/gruvbox-flat.vim:9
008.924  000.001  000.001: sourcing nvim_exec2() called at /home/yash/.vim/plugged/gruvbox-flat.nvim/colors/gruvbox-flat.vim:9
008.926  000.001  000.001: sourcing nvim_exec2() called at /home/yash/.vim/plugged/gruvbox-flat.nvim/colors/gruvbox-flat.vim:9
008.928  000.001  000.001: sourcing nvim_exec2() called at /home/yash/.vim/plugged/gruvbox-flat.nvim/colors/gruvbox-flat.vim:9
008.931  000.001  000.001: sourcing nvim_exec2() called at /home/yash/.vim/plugged/gruvbox-flat.nvim/colors/gruvbox-flat.vim:9
008.933  000.001  000.001: sourcing nvim_exec2() called at /home/yash/.vim/plugged/gruvbox-flat.nvim/colors/gruvbox-flat.vim:9
008.936  000.001  000.001: sourcing nvim_exec2() called at /home/yash/.vim/plugged/gruvbox-flat.nvim/colors/gruvbox-flat.vim:9
008.938  000.001  000.001: sourcing nvim_exec2() called at /home/yash/.vim/plugged/gruvbox-flat.nvim/colors/gruvbox-flat.vim:9
008.942  000.001  000.001: sourcing nvim_exec2() called at /home/yash/.vim/plugged/gruvbox-flat.nvim/colors/gruvbox-flat.vim:9
008.960  000.001  000.001: sourcing nvim_exec2() called at /home/yash/.vim/plugged/gruvbox-flat.nvim/colors/gruvbox-flat.vim:9
008.962  000.001  000.001: sourcing nvim_exec2() called at /home/yash/.vim/plugged/gruvbox-flat.nvim/colors/gruvbox-flat.vim:9
008.965  000.001  000.001: sourcing nvim_exec2() called at /home/yash/.vim/plugged/gruvbox-flat.nvim/colors/gruvbox-flat.vim:9
008.968  000.001  000.001: sourcing nvim_exec2() called at /home/yash/.vim/plugged/gruvbox-flat.nvim/colors/gruvbox-flat.vim:9
008.971  000.001  000.001: sourcing nvim_exec2() called at /home/yash/.vim/plugged/gruvbox-flat.nvim/colors/gruvbox-flat.vim:9
008.975  000.001  000.001: sourcing nvim_exec2() called at /home/yash/.vim/plugged/gruvbox-flat.nvim/colors/gruvbox-flat.vim:9
008.978  000.001  000.001: sourcing nvim_exec2() called at /home/yash/.vim/plugged/gruvbox-flat.nvim/colors/gruvbox-flat.vim:9
008.980  000.001  000.001: sourcing nvim_exec2() called at /home/yash/.vim/plugged/gruvbox-flat.nvim/colors/gruvbox-flat.vim:9
008.989  000.001  000.001: sourcing nvim_exec2() called at /home/yash/.vim/plugged/gruvbox-flat.nvim/colors/gruvbox-flat.vim:9
008.992  000.001  000.001: sourcing nvim_exec2() called at /home/yash/.vim/plugged/gruvbox-flat.nvim/colors/gruvbox-flat.vim:9
008.999  000.001  000.001: sourcing nvim_exec2() called at /home/yash/.vim/plugged/gruvbox-flat.nvim/colors/gruvbox-flat.vim:9
009.002  000.001  000.001: sourcing nvim_exec2() called at /home/yash/.vim/plugged/gruvbox-flat.nvim/colors/gruvbox-flat.vim:9
009.004  000.001  000.001: sourcing nvim_exec2() called at /home/yash/.vim/plugged/gruvbox-flat.nvim/colors/gruvbox-flat.vim:9
009.007  000.001  000.001: sourcing nvim_exec2() called at /home/yash/.vim/plugged/gruvbox-flat.nvim/colors/gruvbox-flat.vim:9
009.009  000.001  000.001: sourcing nvim_exec2() called at /home/yash/.vim/plugged/gruvbox-flat.nvim/colors/gruvbox-flat.vim:9
009.012  000.001  000.001: sourcing nvim_exec2() called at /home/yash/.vim/plugged/gruvbox-flat.nvim/colors/gruvbox-flat.vim:9
009.016  000.001  000.001: sourcing nvim_exec2() called at /home/yash/.vim/plugged/gruvbox-flat.nvim/colors/gruvbox-flat.vim:9
009.018  000.001  000.001: sourcing nvim_exec2() called at /home/yash/.vim/plugged/gruvbox-flat.nvim/colors/gruvbox-flat.vim:9
009.025  000.001  000.001: sourcing nvim_exec2() called at /home/yash/.vim/plugged/gruvbox-flat.nvim/colors/gruvbox-flat.vim:9
009.028  000.001  000.001: sourcing nvim_exec2() called at /home/yash/.vim/plugged/gruvbox-flat.nvim/colors/gruvbox-flat.vim:9
009.030  000.001  000.001: sourcing nvim_exec2() called at /home/yash/.vim/plugged/gruvbox-flat.nvim/colors/gruvbox-flat.vim:9
009.033  000.001  000.001: sourcing nvim_exec2() called at /home/yash/.vim/plugged/gruvbox-flat.nvim/colors/gruvbox-flat.vim:9
009.035  000.001  000.001: sourcing nvim_exec2() called at /home/yash/.vim/plugged/gruvbox-flat.nvim/colors/gruvbox-flat.vim:9
009.043  000.001  000.001: sourcing nvim_exec2() called at /home/yash/.vim/plugged/gruvbox-flat.nvim/colors/gruvbox-flat.vim:9
009.045  000.001  000.001: sourcing nvim_exec2() called at /home/yash/.vim/plugged/gruvbox-flat.nvim/colors/gruvbox-flat.vim:9
009.046  000.001  000.001: sourcing nvim_exec2() called at /home/yash/.vim/plugged/gruvbox-flat.nvim/colors/gruvbox-flat.vim:9
009.048  000.001  000.001: sourcing nvim_exec2() called at /home/yash/.vim/plugged/gruvbox-flat.nvim/colors/gruvbox-flat.vim:9
009.050  000.001  000.001: sourcing nvim_exec2() called at /home/yash/.vim/plugged/gruvbox-flat.nvim/colors/gruvbox-flat.vim:9
009.051  000.001  000.001: sourcing nvim_exec2() called at /home/yash/.vim/plugged/gruvbox-flat.nvim/colors/gruvbox-flat.vim:9
009.053  000.001  000.001: sourcing nvim_exec2() called at /home/yash/.vim/plugged/gruvbox-flat.nvim/colors/gruvbox-flat.vim:9
009.054  000.001  000.001: sourcing nvim_exec2() called at /home/yash/.vim/plugged/gruvbox-flat.nvim/colors/gruvbox-flat.vim:9
009.056  000.001  000.001: sourcing nvim_exec2() called at /home/yash/.vim/plugged/gruvbox-flat.nvim/colors/gruvbox-flat.vim:9
009.057  000.001  000.001: sourcing nvim_exec2() called at /home/yash/.vim/plugged/gruvbox-flat.nvim/colors/gruvbox-flat.vim:9
009.069  000.001  000.001: sourcing nvim_exec2() called at /home/yash/.vim/plugged/gruvbox-flat.nvim/colors/gruvbox-flat.vim:9
009.071  000.001  000.001: sourcing nvim_exec2() called at /home/yash/.vim/plugged/gruvbox-flat.nvim/colors/gruvbox-flat.vim:9
009.072  000.001  000.001: sourcing nvim_exec2() called at /home/yash/.vim/plugged/gruvbox-flat.nvim/colors/gruvbox-flat.vim:9
009.073  000.001  000.001: sourcing nvim_exec2() called at /home/yash/.vim/plugged/gruvbox-flat.nvim/colors/gruvbox-flat.vim:9
009.075  000.001  000.001: sourcing nvim_exec2() called at /home/yash/.vim/plugged/gruvbox-flat.nvim/colors/gruvbox-flat.vim:9
009.076  000.001  000.001: sourcing nvim_exec2() called at /home/yash/.vim/plugged/gruvbox-flat.nvim/colors/gruvbox-flat.vim:9
009.078  000.001  000.001: sourcing nvim_exec2() called at /home/yash/.vim/plugged/gruvbox-flat.nvim/colors/gruvbox-flat.vim:9
009.079  000.001  000.001: sourcing nvim_exec2() called at /home/yash/.vim/plugged/gruvbox-flat.nvim/colors/gruvbox-flat.vim:9
009.082  000.001  000.001: sourcing nvim_exec2() called at /home/yash/.vim/plugged/gruvbox-flat.nvim/colors/gruvbox-flat.vim:9
009.083  000.001  000.001: sourcing nvim_exec2() called at /home/yash/.vim/plugged/gruvbox-flat.nvim/colors/gruvbox-flat.vim:9
009.091  000.001  000.001: sourcing nvim_exec2() called at /home/yash/.vim/plugged/gruvbox-flat.nvim/colors/gruvbox-flat.vim:9
009.094  000.001  000.001: sourcing nvim_exec2() called at /home/yash/.vim/plugged/gruvbox-flat.nvim/colors/gruvbox-flat.vim:9
009.096  000.001  000.001: sourcing nvim_exec2() called at /home/yash/.vim/plugged/gruvbox-flat.nvim/colors/gruvbox-flat.vim:9
009.097  000.001  000.001: sourcing nvim_exec2() called at /home/yash/.vim/plugged/gruvbox-flat.nvim/colors/gruvbox-flat.vim:9
009.124  000.026  000.026: sourcing nvim_exec2() called at /home/yash/.vim/plugged/gruvbox-flat.nvim/colors/gruvbox-flat.vim:9
009.126  000.001  000.001: sourcing nvim_exec2() called at /home/yash/.vim/plugged/gruvbox-flat.nvim/colors/gruvbox-flat.vim:9
009.127  000.001  000.001: sourcing nvim_exec2() called at /home/yash/.vim/plugged/gruvbox-flat.nvim/colors/gruvbox-flat.vim:9
009.129  000.001  000.001: sourcing nvim_exec2() called at /home/yash/.vim/plugged/gruvbox-flat.nvim/colors/gruvbox-flat.vim:9
009.130  000.001  000.001: sourcing nvim_exec2() called at /home/yash/.vim/plugged/gruvbox-flat.nvim/colors/gruvbox-flat.vim:9
009.132  001.494  000.562: sourcing /home/yash/.vim/plugged/gruvbox-flat.nvim/colors/gruvbox-flat.vim
009.266  000.037  000.037: require('noice.util.lazy')
009.274  000.086  000.049: require('noice')
010.044  000.710  000.710: require('vim.health')
010.201  000.033  000.033: require('noice.util.call')
010.204  000.156  000.122: require('noice.util')
010.207  000.931  000.065: require('noice.health')
010.249  000.036  000.036: require('noice.config')
010.337  000.029  000.029: require('nvim-web-devicons.filetypes')
010.342  000.002  000.002: require('vim.F')
010.488  000.117  000.117: require('nvim-web-devicons.default.icons_by_filename')
010.864  000.374  000.374: require('nvim-web-devicons.default.icons_by_file_extension')
010.967  000.102  000.102: require('nvim-web-devicons.default.icons_by_operating_system')
011.013  000.045  000.045: require('nvim-web-devicons.default.icons_by_desktop_environment')
011.047  000.034  000.034: require('nvim-web-devicons.default.icons_by_window_manager')
011.048  000.697  000.025: require('nvim-web-devicons.icons-default')
011.197  000.918  000.190: require('nvim-web-devicons')
013.559  000.027  000.027: require('plenary.bit')
013.584  000.023  000.023: require('plenary.functional')
013.600  000.010  000.010: require('ffi')
013.619  000.136  000.076: require('plenary.path')
013.628  000.165  000.028: require('plenary.strings')
013.667  000.039  000.039: require('telescope.deprecated')
013.875  000.072  000.072: require('plenary.log')
013.899  000.173  000.101: require('telescope.log')
014.098  000.033  000.033: require('plenary.compat')
014.104  000.091  000.057: require('plenary.job')
014.158  000.052  000.052: require('telescope.state')
014.170  000.271  000.128: require('telescope.utils')
014.176  000.508  000.064: require('telescope.sorters')
015.212  001.816  001.104: require('telescope.config')
015.360  000.066  000.066: require('plenary.window.border')
015.397  000.036  000.036: require('plenary.window')
015.425  000.027  000.027: require('plenary.popup.utils')
015.429  000.213  000.084: require('plenary.popup')
015.509  000.079  000.079: require('telescope.pickers.scroller')
015.568  000.058  000.058: require('telescope.actions.state')
015.642  000.073  000.073: require('telescope.actions.utils')
016.177  000.305  000.305: require('telescope.actions.mt')
016.254  000.611  000.306: require('telescope.actions.set')
016.596  000.144  000.144: require('telescope.config.resolve')
016.598  000.343  000.200: require('telescope.pickers.entry_display')
016.644  000.045  000.045: require('telescope.from_entry')
016.733  003.446  000.207: require('telescope.actions')
016.809  000.033  000.033: require('telescope._extensions')
016.812  000.078  000.045: require('telescope')
017.678  000.054  000.054: require('telescope._extensions.file_browser.utils')
017.917  000.082  000.082: require('vim.lsp.log')
018.440  000.521  000.521: require('vim.lsp.protocol')
018.580  000.137  000.137: require('vim.lsp.util')
018.678  000.056  000.056: require('vim.lsp.sync')
018.682  000.101  000.045: require('vim.lsp._changetracking')
018.782  000.035  000.035: require('vim.lsp._transport')
018.792  000.108  000.073: require('vim.lsp.rpc')
018.853  001.111  000.162: require('vim.lsp')
018.858  001.176  000.065: require('telescope._extensions.file_browser.lsp')
019.714  000.854  000.854: require('plenary.scandir')
019.889  000.020  000.020: require('plenary.tbl')
019.892  000.044  000.024: require('plenary.vararg.rotate')
019.892  000.070  000.026: require('plenary.vararg')
019.935  000.042  000.042: require('plenary.errors')
019.937  000.142  000.030: require('plenary.async.async')
020.040  000.029  000.029: require('plenary.async.structs')
020.045  000.063  000.034: require('plenary.async.control')
020.050  000.092  000.029: require('plenary.async.util')
020.076  000.136  000.044: require('plenary.async.tests')
020.077  000.360  000.082: require('plenary.async')
020.147  002.655  000.211: require('telescope._extensions.file_browser.actions')
020.366  000.062  000.062: require('telescope._extensions.file_browser.git')
020.412  000.044  000.044: require('telescope._extensions.file_browser.make_entry_utils')
020.478  000.066  000.066: require('telescope._extensions.file_browser.fs_stat')
020.481  000.252  000.081: require('telescope._extensions.file_browser.make_entry')
020.702  000.047  000.047: require('plenary.class')
020.713  000.159  000.112: require('telescope._')
020.915  000.201  000.201: require('telescope.make_entry')
020.919  000.437  000.077: require('telescope.finders.async_oneshot_finder')
021.137  000.061  000.061: require('telescope.finders.async_static_finder')
021.230  000.091  000.091: require('telescope.finders.async_job_finder')
021.236  000.316  000.164: require('telescope.finders')
021.239  001.092  000.087: require('telescope._extensions.file_browser.finders')
021.651  000.182  000.182: require('telescope.debounce')
021.777  000.124  000.124: require('telescope.mappings')
021.836  000.058  000.058: require('telescope.pickers.highlights')
021.880  000.043  000.043: require('telescope.pickers.window')
021.932  000.051  000.051: require('telescope.pickers.layout')
022.179  000.179  000.179: require('telescope.algos.linked_list')
022.185  000.253  000.074: require('telescope.entry_manager')
022.291  000.105  000.105: require('telescope.pickers.multi')
022.330  001.027  000.212: require('telescope.pickers')
022.332  001.092  000.065: require('telescope._extensions.file_browser.picker')
022.533  000.201  000.201: require('telescope._extensions.file_browser.config')
022.548  005.124  000.085: require('telescope._extensions.file_browser')
023.179  000.242  000.242: require('telescope-undo.actions')
023.184  000.494  000.252: require('telescope._extensions.undo')
023.511  000.281  000.281: require('telescope._extensions.noice')
023.521  010.265  000.842: sourcing /home/yash/.config/nvim/plug-config/telescope-config.rc.vim
023.845  000.092  000.092: require('lspconfig.util')
023.874  000.026  000.026: require('lspconfig.async')
023.875  000.151  000.033: require('lspconfig.configs')
023.879  000.192  000.041: require('lspconfig')
023.970  000.044  000.044: require('vim.lsp.completion')
024.000  000.119  000.075: require('vim.lsp.handlers')
024.053  000.051  000.051: require('vim.lsp.diagnostic')
024.157  000.100  000.100: require('vim.diagnostic')
024.195  000.022  000.022: require('lspconfig.ui.windows')
024.301  000.037  000.037: require('vim.iter')
024.318  000.078  000.042: require('lspconfig.configs.jedi_language_server')
024.569  000.038  000.038: require('lspconfig.manager')
024.598  000.025  000.025: require('lspconfig.configs.rust_analyzer')
024.724  000.030  000.030: require('lspconfig.configs.ts_ls')
024.813  000.023  000.023: require('lspconfig.configs.emmet_ls')
024.927  000.057  000.057: require('lspconfig.configs.solidity_ls_nomicfoundation')
025.012  000.045  000.045: require('lspconfig.configs.texlab')
025.081  000.026  000.026: require('lspconfig.configs.clangd')
025.142  000.020  000.020: require('lspconfig.configs.verible')
025.209  001.646  000.818: sourcing /home/yash/.config/nvim/plug-config/lsp-config.vim
025.283  000.031  000.031: sourcing /home/yash/.config/nvim/plug-config/neoformat.rc.vim
025.430  000.024  000.024: sourcing /usr/share/nvim/runtime/filetype.lua
025.533  000.008  000.008: sourcing /usr/share/nvim/runtime/ftplugin.vim
025.596  000.005  000.005: sourcing /usr/share/nvim/runtime/indent.vim
025.612  000.316  000.280: sourcing /home/yash/.config/nvim/plug-config/vimtex.rc.vim
025.720  000.032  000.032: require('git-conflict.colors')
025.740  000.018  000.018: require('git-conflict.utils')
025.759  000.017  000.017: require('vim.deprecated.health')
025.788  000.020  000.020: require('vim.hl')
025.797  000.165  000.077: require('git-conflict')
026.129  000.034  000.034: require('lualine_require')
026.289  000.242  000.208: require('lualine')
026.321  000.025  000.025: require('noice.api')
026.341  000.019  000.019: require('noice.api.status')
026.634  000.010  000.010: sourcing nvim_exec2() called at /home/yash/.config/nvim/init.vim:225
026.856  000.006  000.006: sourcing nvim_exec2() called at /home/yash/.config/nvim/init.vim:225
026.900  000.003  000.003: sourcing nvim_exec2() called at /home/yash/.config/nvim/init.vim:225
026.904  000.001  000.001: sourcing nvim_exec2() called at /home/yash/.config/nvim/init.vim:225
026.913  000.007  000.007: sourcing nvim_exec2() called at /home/yash/.config/nvim/init.vim:225
027.311  000.004  000.004: sourcing nvim_exec2() called at /home/yash/.config/nvim/init.vim:225
027.318  000.001  000.001: sourcing nvim_exec2() called at /home/yash/.config/nvim/init.vim:225
027.345  000.002  000.002: sourcing nvim_exec2() called at /home/yash/.config/nvim/init.vim:225
027.350  000.001  000.001: sourcing nvim_exec2() called at /home/yash/.config/nvim/init.vim:225
027.363  000.001  000.001: sourcing nvim_exec2() called at /home/yash/.config/nvim/init.vim:225
027.369  000.001  000.001: sourcing nvim_exec2() called at /home/yash/.config/nvim/init.vim:225
027.387  000.002  000.002: sourcing nvim_exec2() called at /home/yash/.config/nvim/init.vim:225
027.477  000.003  000.003: sourcing nvim_exec2() called at /home/yash/.config/nvim/init.vim:225
027.501  000.002  000.002: sourcing nvim_exec2() called at /home/yash/.config/nvim/init.vim:225
027.519  000.002  000.002: sourcing nvim_exec2() called at /home/yash/.config/nvim/init.vim:225
027.531  000.001  000.001: sourcing nvim_exec2() called at /home/yash/.config/nvim/init.vim:225
027.544  000.001  000.001: sourcing nvim_exec2() called at /home/yash/.config/nvim/init.vim:225
027.558  000.001  000.001: sourcing nvim_exec2() called at /home/yash/.config/nvim/init.vim:225
027.562  000.001  000.001: sourcing nvim_exec2() called at /home/yash/.config/nvim/init.vim:225
027.624  000.003  000.003: sourcing nvim_exec2() called at /home/yash/.config/nvim/init.vim:225
027.645  000.002  000.002: sourcing nvim_exec2() called at /home/yash/.config/nvim/init.vim:225
027.664  000.001  000.001: sourcing nvim_exec2() called at /home/yash/.config/nvim/init.vim:225
027.677  000.001  000.001: sourcing nvim_exec2() called at /home/yash/.config/nvim/init.vim:225
027.690  000.001  000.001: sourcing nvim_exec2() called at /home/yash/.config/nvim/init.vim:225
027.701  000.001  000.001: sourcing nvim_exec2() called at /home/yash/.config/nvim/init.vim:225
027.714  000.001  000.001: sourcing nvim_exec2() called at /home/yash/.config/nvim/init.vim:225
027.772  000.003  000.003: sourcing nvim_exec2() called at /home/yash/.config/nvim/init.vim:225
027.777  000.001  000.001: sourcing nvim_exec2() called at /home/yash/.config/nvim/init.vim:225
027.786  000.001  000.001: sourcing nvim_exec2() called at /home/yash/.config/nvim/init.vim:225
027.790  000.001  000.001: sourcing nvim_exec2() called at /home/yash/.config/nvim/init.vim:225
027.794  000.001  000.001: sourcing nvim_exec2() called at /home/yash/.config/nvim/init.vim:225
027.797  000.001  000.001: sourcing nvim_exec2() called at /home/yash/.config/nvim/init.vim:225
027.800  000.001  000.001: sourcing nvim_exec2() called at /home/yash/.config/nvim/init.vim:225
027.828  000.001  000.001: sourcing nvim_exec2() called at /home/yash/.config/nvim/init.vim:225
027.833  000.001  000.001: sourcing nvim_exec2() called at /home/yash/.config/nvim/init.vim:225
027.836  000.001  000.001: sourcing nvim_exec2() called at /home/yash/.config/nvim/init.vim:225
027.881  000.001  000.001: sourcing nvim_exec2() called at /home/yash/.config/nvim/init.vim:225
027.886  000.001  000.001: sourcing nvim_exec2() called at /home/yash/.config/nvim/init.vim:225
027.890  000.001  000.001: sourcing nvim_exec2() called at /home/yash/.config/nvim/init.vim:225
027.896  000.003  000.003: sourcing nvim_exec2() called at /home/yash/.config/nvim/init.vim:225
027.961  000.003  000.003: sourcing nvim_exec2() called at /home/yash/.config/nvim/init.vim:225
027.965  000.001  000.001: sourcing nvim_exec2() called at /home/yash/.config/nvim/init.vim:225
027.989  000.001  000.001: sourcing nvim_exec2() called at /home/yash/.config/nvim/init.vim:225
027.993  000.001  000.001: sourcing nvim_exec2() called at /home/yash/.config/nvim/init.vim:225
027.996  000.001  000.001: sourcing nvim_exec2() called at /home/yash/.config/nvim/init.vim:225
028.001  000.001  000.001: sourcing nvim_exec2() called at /home/yash/.config/nvim/init.vim:225
028.004  000.001  000.001: sourcing nvim_exec2() called at /home/yash/.config/nvim/init.vim:225
028.115  000.004  000.004: sourcing nvim_exec2() called at /home/yash/.config/nvim/init.vim:225
028.120  000.003  000.003: sourcing nvim_exec2() called at /home/yash/.config/nvim/init.vim:225
028.230  000.003  000.003: sourcing nvim_exec2() called at /home/yash/.config/nvim/init.vim:225
028.234  000.001  000.001: sourcing nvim_exec2() called at /home/yash/.config/nvim/init.vim:225
028.238  000.001  000.001: sourcing nvim_exec2() called at /home/yash/.config/nvim/init.vim:225
028.243  000.001  000.001: sourcing nvim_exec2() called at /home/yash/.config/nvim/init.vim:225
028.246  000.001  000.001: sourcing nvim_exec2() called at /home/yash/.config/nvim/init.vim:225
028.251  000.001  000.001: sourcing nvim_exec2() called at /home/yash/.config/nvim/init.vim:225
028.268  000.001  000.001: sourcing nvim_exec2() called at /home/yash/.config/nvim/init.vim:225
028.274  000.001  000.001: sourcing nvim_exec2() called at /home/yash/.config/nvim/init.vim:225
028.277  000.001  000.001: sourcing nvim_exec2() called at /home/yash/.config/nvim/init.vim:225
028.280  000.001  000.001: sourcing nvim_exec2() called at /home/yash/.config/nvim/init.vim:225
028.285  000.001  000.001: sourcing nvim_exec2() called at /home/yash/.config/nvim/init.vim:225
028.288  000.001  000.001: sourcing nvim_exec2() called at /home/yash/.config/nvim/init.vim:225
028.291  000.001  000.001: sourcing nvim_exec2() called at /home/yash/.config/nvim/init.vim:225
028.298  000.002  000.002: sourcing nvim_exec2() called at /home/yash/.config/nvim/init.vim:225
028.304  000.001  000.001: sourcing nvim_exec2() called at /home/yash/.config/nvim/init.vim:225
028.308  000.001  000.001: sourcing nvim_exec2() called at /home/yash/.config/nvim/init.vim:225
028.313  000.001  000.001: sourcing nvim_exec2() called at /home/yash/.config/nvim/init.vim:225
028.317  000.001  000.001: sourcing nvim_exec2() called at /home/yash/.config/nvim/init.vim:225
028.320  000.001  000.001: sourcing nvim_exec2() called at /home/yash/.config/nvim/init.vim:225
028.325  000.001  000.001: sourcing nvim_exec2() called at /home/yash/.config/nvim/init.vim:225
028.329  000.001  000.001: sourcing nvim_exec2() called at /home/yash/.config/nvim/init.vim:225
028.408  000.004  000.004: sourcing nvim_exec2() called at /home/yash/.config/nvim/init.vim:225
028.412  000.001  000.001: sourcing nvim_exec2() called at /home/yash/.config/nvim/init.vim:225
028.415  000.002  000.002: sourcing nvim_exec2() called at /home/yash/.config/nvim/init.vim:225
028.419  000.002  000.002: sourcing nvim_exec2() called at /home/yash/.config/nvim/init.vim:225
029.715  000.028  000.028: sourcing nvim_exec2() called at /home/yash/.config/nvim/init.vim:225
029.733  000.002  000.002: sourcing nvim_exec2() called at /home/yash/.config/nvim/init.vim:225
029.783  000.003  000.003: sourcing nvim_exec2() called at /home/yash/.config/nvim/init.vim:225
029.792  000.002  000.002: sourcing nvim_exec2() called at /home/yash/.config/nvim/init.vim:225
029.814  000.002  000.002: sourcing nvim_exec2() called at /home/yash/.config/nvim/init.vim:225
029.823  000.001  000.001: sourcing nvim_exec2() called at /home/yash/.config/nvim/init.vim:225
029.828  000.001  000.001: sourcing nvim_exec2() called at /home/yash/.config/nvim/init.vim:225
029.867  000.001  000.001: sourcing nvim_exec2() called at /home/yash/.config/nvim/init.vim:225
029.873  000.001  000.001: sourcing nvim_exec2() called at /home/yash/.config/nvim/init.vim:225
029.880  000.001  000.001: sourcing nvim_exec2() called at /home/yash/.config/nvim/init.vim:225
029.885  000.001  000.001: sourcing nvim_exec2() called at /home/yash/.config/nvim/init.vim:225
029.892  000.001  000.001: sourcing nvim_exec2() called at /home/yash/.config/nvim/init.vim:225
029.900  000.002  000.002: sourcing nvim_exec2() called at /home/yash/.config/nvim/init.vim:225
029.904  000.002  000.002: sourcing nvim_exec2() called at /home/yash/.config/nvim/init.vim:225
029.923  000.002  000.002: sourcing nvim_exec2() called at /home/yash/.config/nvim/init.vim:225
029.931  000.002  000.002: sourcing nvim_exec2() called at /home/yash/.config/nvim/init.vim:225
029.939  000.001  000.001: sourcing nvim_exec2() called at /home/yash/.config/nvim/init.vim:225
029.944  000.001  000.001: sourcing nvim_exec2() called at /home/yash/.config/nvim/init.vim:225
029.952  000.001  000.001: sourcing nvim_exec2() called at /home/yash/.config/nvim/init.vim:225
029.961  000.002  000.002: sourcing nvim_exec2() called at /home/yash/.config/nvim/init.vim:225
029.967  000.001  000.001: sourcing nvim_exec2() called at /home/yash/.config/nvim/init.vim:225
029.980  000.002  000.002: sourcing nvim_exec2() called at /home/yash/.config/nvim/init.vim:225
029.986  000.002  000.002: sourcing nvim_exec2() called at /home/yash/.config/nvim/init.vim:225
029.993  000.001  000.001: sourcing nvim_exec2() called at /home/yash/.config/nvim/init.vim:225
029.996  000.001  000.001: sourcing nvim_exec2() called at /home/yash/.config/nvim/init.vim:225
030.003  000.001  000.001: sourcing nvim_exec2() called at /home/yash/.config/nvim/init.vim:225
030.010  000.002  000.002: sourcing nvim_exec2() called at /home/yash/.config/nvim/init.vim:225
030.014  000.002  000.002: sourcing nvim_exec2() called at /home/yash/.config/nvim/init.vim:225
030.142  000.003  000.003: sourcing nvim_exec2() called at /home/yash/.config/nvim/init.vim:225
030.148  000.001  000.001: sourcing nvim_exec2() called at /home/yash/.config/nvim/init.vim:225
030.160  000.002  000.002: sourcing nvim_exec2() called at /home/yash/.config/nvim/init.vim:225
030.168  000.002  000.002: sourcing nvim_exec2() called at /home/yash/.config/nvim/init.vim:225
030.172  000.001  000.001: sourcing nvim_exec2() called at /home/yash/.config/nvim/init.vim:225
030.179  000.001  000.001: sourcing nvim_exec2() called at /home/yash/.config/nvim/init.vim:225
030.186  000.002  000.002: sourcing nvim_exec2() called at /home/yash/.config/nvim/init.vim:225
030.237  000.004  000.004: sourcing nvim_exec2() called at /home/yash/.config/nvim/init.vim:225
030.242  000.002  000.002: sourcing nvim_exec2() called at /home/yash/.config/nvim/init.vim:225
030.249  000.002  000.002: sourcing nvim_exec2() called at /home/yash/.config/nvim/init.vim:225
030.252  000.001  000.001: sourcing nvim_exec2() called at /home/yash/.config/nvim/init.vim:225
030.256  000.002  000.002: sourcing nvim_exec2() called at /home/yash/.config/nvim/init.vim:225
030.263  000.001  000.001: sourcing nvim_exec2() called at /home/yash/.config/nvim/init.vim:225
030.269  000.002  000.002: sourcing nvim_exec2() called at /home/yash/.config/nvim/init.vim:225
030.546  000.004  000.004: sourcing nvim_exec2() called at /home/yash/.config/nvim/init.vim:225
030.577  000.002  000.002: sourcing nvim_exec2() called at /home/yash/.config/nvim/init.vim:225
030.583  000.001  000.001: sourcing nvim_exec2() called at /home/yash/.config/nvim/init.vim:225
030.588  000.002  000.002: sourcing nvim_exec2() called at /home/yash/.config/nvim/init.vim:225
030.593  000.002  000.002: sourcing nvim_exec2() called at /home/yash/.config/nvim/init.vim:225
030.598  000.001  000.001: sourcing nvim_exec2() called at /home/yash/.config/nvim/init.vim:225
030.602  000.001  000.001: sourcing nvim_exec2() called at /home/yash/.config/nvim/init.vim:225
030.616  000.002  000.002: sourcing nvim_exec2() called at /home/yash/.config/nvim/init.vim:225
030.619  000.001  000.001: sourcing nvim_exec2() called at /home/yash/.config/nvim/init.vim:225
030.632  000.001  000.001: sourcing nvim_exec2() called at /home/yash/.config/nvim/init.vim:225
030.637  000.001  000.001: sourcing nvim_exec2() called at /home/yash/.config/nvim/init.vim:225
030.662  000.001  000.001: sourcing nvim_exec2() called at /home/yash/.config/nvim/init.vim:225
030.665  000.001  000.001: sourcing nvim_exec2() called at /home/yash/.config/nvim/init.vim:225
030.669  000.001  000.001: sourcing nvim_exec2() called at /home/yash/.config/nvim/init.vim:225
030.676  000.001  000.001: sourcing nvim_exec2() called at /home/yash/.config/nvim/init.vim:225
030.679  000.002  000.002: sourcing nvim_exec2() called at /home/yash/.config/nvim/init.vim:225
030.683  000.001  000.001: sourcing nvim_exec2() called at /home/yash/.config/nvim/init.vim:225
030.687  000.002  000.002: sourcing nvim_exec2() called at /home/yash/.config/nvim/init.vim:225
030.690  000.002  000.002: sourcing nvim_exec2() called at /home/yash/.config/nvim/init.vim:225
030.695  000.001  000.001: sourcing nvim_exec2() called at /home/yash/.config/nvim/init.vim:225
030.698  000.001  000.001: sourcing nvim_exec2() called at /home/yash/.config/nvim/init.vim:225
030.704  000.001  000.001: sourcing nvim_exec2() called at /home/yash/.config/nvim/init.vim:225
030.706  000.001  000.001: sourcing nvim_exec2() called at /home/yash/.config/nvim/init.vim:225
030.709  000.001  000.001: sourcing nvim_exec2() called at /home/yash/.config/nvim/init.vim:225
030.714  000.001  000.001: sourcing nvim_exec2() called at /home/yash/.config/nvim/init.vim:225
030.716  000.001  000.001: sourcing nvim_exec2() called at /home/yash/.config/nvim/init.vim:225
030.720  000.001  000.001: sourcing nvim_exec2() called at /home/yash/.config/nvim/init.vim:225
030.723  000.001  000.001: sourcing nvim_exec2() called at /home/yash/.config/nvim/init.vim:225
030.744  000.002  000.002: sourcing nvim_exec2() called at /home/yash/.config/nvim/init.vim:225
030.749  000.002  000.002: sourcing nvim_exec2() called at /home/yash/.config/nvim/init.vim:225
030.754  000.001  000.001: sourcing nvim_exec2() called at /home/yash/.config/nvim/init.vim:225
030.758  000.001  000.001: sourcing nvim_exec2() called at /home/yash/.config/nvim/init.vim:225
030.766  000.001  000.001: sourcing nvim_exec2() called at /home/yash/.config/nvim/init.vim:225
030.770  000.001  000.001: sourcing nvim_exec2() called at /home/yash/.config/nvim/init.vim:225
030.773  000.001  000.001: sourcing nvim_exec2() called at /home/yash/.config/nvim/init.vim:225
030.984  000.081  000.081: require('lspsaga')
031.095  000.037  000.037: require('lspsaga.lspkind')
031.097  000.080  000.043: require('lspsaga.highlight')
031.272  000.046  000.046: require('vim.version')
033.195  001.059  001.059: require('lspsaga.symbol.head')
033.398  000.048  000.048: require('Comment')
033.562  000.158  000.158: require('Comment.config')
033.959  000.261  000.261: require('Comment.ft')
033.969  000.354  000.093: require('Comment.utils')
034.019  000.049  000.049: require('Comment.opfunc')
034.060  000.041  000.041: require('Comment.extra')
034.064  000.497  000.052: require('Comment.api')
034.307  000.077  000.077: require('neogit')
034.684  000.197  000.197: require('neogit.lib.util')
034.723  000.406  000.209: require('neogit.config')
034.760  000.036  000.036: require('neogit.lib.signs')
034.814  000.054  000.054: require('neogit.autocmds')
035.069  000.155  000.155: require('neogit.lib.color')
035.073  000.258  000.103: require('neogit.lib.hl')
035.215  000.102  000.102: require('neogit.logger')
035.221  000.147  000.045: require('neogit.lib.state')
036.282  000.206  000.206: require('neogit.lib.ui.component')
036.384  000.100  000.100: require('neogit.lib.ui.renderer')
036.438  000.053  000.053: require('neogit.lib.collection')
036.527  000.800  000.441: require('neogit.lib.ui')
036.541  001.130  000.330: require('neogit.lib.buffer')
037.225  000.206  000.206: require('neogit.lib.git')
037.258  000.578  000.371: require('neogit.buffers.common')
037.299  000.757  000.179: require('neogit.buffers.status.ui')
037.421  000.121  000.121: require('neogit.popups')
037.595  000.173  000.173: require('neogit.watcher')
037.608  002.380  000.199: require('neogit.buffers.status')
038.467  000.201  000.201: require('neogit.lib.notification')
038.493  000.620  000.419: require('neogit.lib.popup.builder')
038.600  000.105  000.105: require('neogit.lib.input')
038.661  000.039  000.039: require('neogit.lib.finder')
038.663  000.062  000.023: require('neogit.buffers.fuzzy_finder')
038.697  000.033  000.033: require('neogit.lib.popup.ui')
038.701  001.013  000.192: require('neogit.lib.popup')
038.702  001.092  000.079: require('neogit.lib')
038.862  000.039  000.039: require('neogit.buffers.process')
038.882  000.019  000.019: require('neogit.spinner')
038.891  000.114  000.056: require('neogit.process')
038.914  000.022  000.022: require('neogit.runner')
038.941  000.238  000.102: require('neogit.lib.git.cli')
040.392  000.032  000.032: require('leap')
040.427  000.032  000.032: require('leap.user')
040.614  038.460  013.595: sourcing /home/yash/.config/nvim/init.vim
040.621  000.251: sourcing vimrc file(s)
040.991  000.055  000.055: sourcing /home/yash/.vim/plugged/Comment.nvim/plugin/Comment.lua
041.127  000.033  000.033: sourcing /home/yash/.vim/plugged/vimtex/plugin/vimtex.vim
041.368  000.177  000.177: sourcing /home/yash/.vim/plugged/leap.nvim/plugin/init.lua
041.621  000.191  000.191: sourcing /home/yash/.vim/plugged/vim-closetag/plugin/closetag.vim
041.678  000.012  000.012: sourcing /home/yash/.vim/plugged/nvim-colorizer.lua/plugin/colorizer.vim
042.511  000.798  000.798: sourcing /home/yash/.vim/plugged/nvim-lspconfig/plugin/lspconfig.lua
042.774  000.141  000.141: sourcing /home/yash/.vim/plugged/telescope.nvim/plugin/telescope.lua
042.840  000.017  000.017: sourcing /home/yash/.vim/plugged/plenary.nvim/plugin/plenary.vim
042.903  000.022  000.022: sourcing /home/yash/.vim/plugged/nvim-web-devicons/plugin/nvim-web-devicons.vim
042.964  000.026  000.026: sourcing /home/yash/.vim/plugged/lspsaga.nvim/plugin/lspsaga.lua
043.007  000.011  000.011: sourcing /home/yash/.vim/plugged/neoformat/plugin/neoformat.vim
043.067  000.028  000.028: sourcing /home/yash/.vim/plugged/neogit/plugin/neogit.lua
043.168  000.020  000.020: require('diffview.lazy')
043.290  000.023  000.023: require('diffview.ffi')
043.317  000.025  000.025: require('diffview.oop')
043.327  000.093  000.044: require('diffview.async')
043.432  000.069  000.069: require('diffview.utils')
043.506  000.023  000.023: require('diffview.mock')
043.516  000.314  000.129: require('diffview.logger')
043.554  000.030  000.030: require('diffview.control')
043.597  000.026  000.026: require('diffview.events')
043.600  000.479  000.089: require('diffview.bootstrap')
043.610  000.509  000.030: sourcing /home/yash/.vim/plugged/diffview.nvim/plugin/diffview.lua
043.882  000.094  000.094: sourcing /usr/share/nvim/runtime/plugin/gzip.vim
044.239  000.102  000.102: sourcing /usr/share/nvim/runtime/pack/dist/opt/matchit/plugin/matchit.vim
044.260  000.367  000.265: sourcing /usr/share/nvim/runtime/plugin/matchit.vim
044.338  000.069  000.069: sourcing /usr/share/nvim/runtime/plugin/matchparen.vim
044.749  000.122  000.122: sourcing /usr/share/nvim/runtime/pack/dist/opt/netrw/plugin/netrwPlugin.vim
044.771  000.417  000.295: sourcing /usr/share/nvim/runtime/plugin/netrwPlugin.vim
044.859  000.075  000.075: sourcing /usr/share/nvim/runtime/plugin/rplugin.vim
044.900  000.028  000.028: sourcing /usr/share/nvim/runtime/plugin/shada.vim
044.920  000.008  000.008: sourcing /usr/share/nvim/runtime/plugin/spellfile.vim
044.978  000.045  000.045: sourcing /usr/share/nvim/runtime/plugin/tarPlugin.vim
044.998  000.007  000.007: sourcing /usr/share/nvim/runtime/plugin/tutor.vim
045.065  000.055  000.055: sourcing /usr/share/nvim/runtime/plugin/zipPlugin.vim
045.119  000.041  000.041: sourcing /usr/share/nvim/runtime/plugin/editorconfig.lua
045.159  000.028  000.028: sourcing /usr/share/nvim/runtime/plugin/man.lua
045.193  000.021  000.021: sourcing /usr/share/nvim/runtime/plugin/osc52.lua
045.223  000.019  000.019: sourcing /usr/share/nvim/runtime/plugin/tohtml.lua
045.644  000.032  000.032: require('vim.provider')
045.673  000.026  000.026: require('vim.provider.python')
045.741  000.034  000.034: require('vim._system')
081.953  000.100  000.100: sourcing /usr/share/nvim/runtime/autoload/remote/host.vim
082.001  036.407  036.215: sourcing /usr/share/nvim/runtime/autoload/provider/python3.vim
082.026  036.749  000.342: sourcing /usr/share/vim/vimfiles/plugin/black.vim
082.337  000.285  000.285: sourcing /usr/share/vim/vimfiles/plugin/fzf.vim
082.343  001.395: loading rtp plugins
082.418  000.075: loading packages
082.423  000.006: loading after plugins
082.431  000.008: inits 3
083.899  001.468: reading ShaDa
085.965  001.345  001.345: require('vim.filetype')
086.967  000.133  000.133: sourcing /usr/share/nvim/runtime/ftplugin/vim.vim
087.556  000.049  000.049: sourcing /usr/share/nvim/runtime/indent/vim.vim
090.866  000.425  000.425: sourcing /usr/share/nvim/runtime/syntax/lua.vim
091.257  003.051  002.626: sourcing /usr/share/nvim/runtime/syntax/vim.vim
091.859  000.561  000.561: sourcing /usr/share/nvim/runtime/syntax/vim/generated.vim
112.800  000.137  000.137: require('editorconfig')
112.904  023.730: opening buffers
113.988  001.084: BufEnter autocommands
113.993  000.004: editing files in windows
134.213  020.220: --- NVIM STARTED ---

--- Startup times for process: Primary (or UI client) ---

times in msec
 clock   self+sourced   self:  sourced script
 clock   elapsed:              other lines

000.000  000.000: --- NVIM STARTING ---
000.097  000.096: event init
000.168  000.071: early init
000.192  000.024: locale set
000.222  000.031: init first window
000.469  000.247: inits 1
000.473  000.004: window checked
000.498  000.025: parsing arguments
000.833  000.029  000.029: require('vim.shared')
000.893  000.024  000.024: require('vim.inspect')
000.925  000.025  000.025: require('vim._options')
000.926  000.091  000.042: require('vim._editor')
000.927  000.139  000.018: require('vim._init_packages')
000.928  000.290: init lua interpreter
002.813  001.885: nvim_ui_attach
003.061  000.248: nvim_set_client_info
003.062  000.001: --- NVIM STARTED ---

--- Startup times for process: Embedded ---

times in msec
 clock   self+sourced   self:  sourced script
 clock   elapsed:              other lines

000.000  000.000: --- NVIM STARTING ---
000.105  000.105: event init
000.173  000.068: early init
000.205  000.031: locale set
000.232  000.027: init first window
000.444  000.213: inits 1
000.452  000.008: window checked
000.481  000.028: parsing arguments
000.811  000.026  000.026: require('vim.shared')
000.867  000.022  000.022: require('vim.inspect')
000.897  000.024  000.024: require('vim._options')
000.898  000.086  000.040: require('vim._editor')
000.899  000.129  000.017: require('vim._init_packages')
000.900  000.290: init lua interpreter
000.935  000.034: expanding arguments
000.945  000.011: inits 2
001.096  000.150: init highlight
001.096  000.001: waiting for UI
001.213  000.117: done waiting for UI
001.218  000.005: clear screen
001.293  000.005  000.005: require('vim.keymap')
001.717  000.079  000.079: sourcing nvim_exec2()
001.784  000.565  000.480: require('vim._defaults')
001.785  000.002: init default mappings & autocommands
001.988  000.030  000.030: sourcing /usr/share/nvim/runtime/ftplugin.vim
002.021  000.013  000.013: sourcing /usr/share/nvim/runtime/indent.vim
002.050  000.005  000.005: sourcing /usr/share/nvim/archlinux.vim
002.051  000.018  000.013: sourcing /etc/xdg/nvim/sysinit.vim
002.116  000.029  000.029: require('vim.fs')
002.389  000.271  000.271: require('vim.uri')
002.405  000.332  000.032: require('vim.loader')
003.238  000.744  000.744: sourcing /home/yash/.local/share/nvim/site/autoload/plug.vim
006.865  000.006  000.006: sourcing /home/yash/.vim/plugged/yuck.vim/ftdetect/yuck.vim
006.922  000.009  000.009: sourcing /home/yash/.vim/plugged/vimtex/ftdetect/cls.vim
006.940  000.008  000.008: sourcing /home/yash/.vim/plugged/vimtex/ftdetect/tex.vim
006.956  000.006  000.006: sourcing /home/yash/.vim/plugged/vimtex/ftdetect/tikz.vim
007.034  000.007  000.007: sourcing /usr/share/nvim/site/ftdetect/ghostty.vim
007.087  000.008  000.008: sourcing /usr/share/vim/vimfiles/ftdetect/PKGBUILD.vim
007.101  000.006  000.006: sourcing /usr/share/vim/vimfiles/ftdetect/SRCINFO.vim
007.122  000.008  000.008: sourcing /usr/share/vim/vimfiles/ftdetect/ghostty.vim
007.143  000.012  000.012: sourcing /usr/share/vim/vimfiles/ftdetect/meson.vim
007.145  000.346  000.276: sourcing nvim_exec2() called at /usr/share/nvim/runtime/filetype.lua:0
007.147  000.435  000.089: sourcing /usr/share/nvim/runtime/filetype.lua
007.276  000.012  000.012: sourcing /usr/share/nvim/runtime/ftplugin.vim
007.359  000.006  000.006: sourcing /usr/share/nvim/runtime/indent.vim
007.525  000.048  000.048: sourcing /usr/share/nvim/runtime/syntax/synload.vim
007.578  000.187  000.139: sourcing /usr/share/nvim/runtime/syntax/syntax.vim
008.093  000.043  000.043: require('gruvbox.hsluv')
008.098  000.110  000.066: require('gruvbox.util')
008.225  000.031  000.031: require('gruvbox.colors')
008.228  000.129  000.098: require('gruvbox.theme')
008.228  000.536  000.298: require('gruvbox')
008.260  000.031  000.031: require('gruvbox.config')
008.505  000.103  000.103: sourcing nvim_exec2() called at /home/yash/.vim/plugged/gruvbox-flat.nvim/colors/gruvbox-flat.vim:9
008.585  000.076  000.076: sourcing nvim_exec2() called at /home/yash/.vim/plugged/gruvbox-flat.nvim/colors/gruvbox-flat.vim:9
008.593  000.002  000.002: sourcing nvim_exec2() called at /home/yash/.vim/plugged/gruvbox-flat.nvim/colors/gruvbox-flat.vim:9
008.599  000.001  000.001: sourcing nvim_exec2() called at /home/yash/.vim/plugged/gruvbox-flat.nvim/colors/gruvbox-flat.vim:9
008.602  000.002  000.002: sourcing nvim_exec2() called at /home/yash/.vim/plugged/gruvbox-flat.nvim/colors/gruvbox-flat.vim:9
008.616  000.001  000.001: sourcing nvim_exec2() called at /home/yash/.vim/plugged/gruvbox-flat.nvim/colors/gruvbox-flat.vim:9
008.619  000.001  000.001: sourcing nvim_exec2() called at /home/yash/.vim/plugged/gruvbox-flat.nvim/colors/gruvbox-flat.vim:9
008.644  000.001  000.001: sourcing nvim_exec2() called at /home/yash/.vim/plugged/gruvbox-flat.nvim/colors/gruvbox-flat.vim:9
008.647  000.001  000.001: sourcing nvim_exec2() called at /home/yash/.vim/plugged/gruvbox-flat.nvim/colors/gruvbox-flat.vim:9
008.650  000.001  000.001: sourcing nvim_exec2() called at /home/yash/.vim/plugged/gruvbox-flat.nvim/colors/gruvbox-flat.vim:9
008.654  000.001  000.001: sourcing nvim_exec2() called at /home/yash/.vim/plugged/gruvbox-flat.nvim/colors/gruvbox-flat.vim:9
008.657  000.001  000.001: sourcing nvim_exec2() called at /home/yash/.vim/plugged/gruvbox-flat.nvim/colors/gruvbox-flat.vim:9
008.660  000.001  000.001: sourcing nvim_exec2() called at /home/yash/.vim/plugged/gruvbox-flat.nvim/colors/gruvbox-flat.vim:9
008.663  000.001  000.001: sourcing nvim_exec2() called at /home/yash/.vim/plugged/gruvbox-flat.nvim/colors/gruvbox-flat.vim:9
008.672  000.009  000.009: sourcing nvim_exec2() called at /home/yash/.vim/plugged/gruvbox-flat.nvim/colors/gruvbox-flat.vim:9
008.675  000.001  000.001: sourcing nvim_exec2() called at /home/yash/.vim/plugged/gruvbox-flat.nvim/colors/gruvbox-flat.vim:9
008.677  000.001  000.001: sourcing nvim_exec2() called at /home/yash/.vim/plugged/gruvbox-flat.nvim/colors/gruvbox-flat.vim:9
008.698  000.001  000.001: sourcing nvim_exec2() called at /home/yash/.vim/plugged/gruvbox-flat.nvim/colors/gruvbox-flat.vim:9
008.702  000.001  000.001: sourcing nvim_exec2() called at /home/yash/.vim/plugged/gruvbox-flat.nvim/colors/gruvbox-flat.vim:9
008.704  000.001  000.001: sourcing nvim_exec2() called at /home/yash/.vim/plugged/gruvbox-flat.nvim/colors/gruvbox-flat.vim:9
008.706  000.001  000.001: sourcing nvim_exec2() called at /home/yash/.vim/plugged/gruvbox-flat.nvim/colors/gruvbox-flat.vim:9
008.715  000.001  000.001: sourcing nvim_exec2() called at /home/yash/.vim/plugged/gruvbox-flat.nvim/colors/gruvbox-flat.vim:9
008.717  000.001  000.001: sourcing nvim_exec2() called at /home/yash/.vim/plugged/gruvbox-flat.nvim/colors/gruvbox-flat.vim:9
008.719  000.001  000.001: sourcing nvim_exec2() called at /home/yash/.vim/plugged/gruvbox-flat.nvim/colors/gruvbox-flat.vim:9
008.722  000.001  000.001: sourcing nvim_exec2() called at /home/yash/.vim/plugged/gruvbox-flat.nvim/colors/gruvbox-flat.vim:9
008.725  000.001  000.001: sourcing nvim_exec2() called at /home/yash/.vim/plugged/gruvbox-flat.nvim/colors/gruvbox-flat.vim:9
008.727  000.001  000.001: sourcing nvim_exec2() called at /home/yash/.vim/plugged/gruvbox-flat.nvim/colors/gruvbox-flat.vim:9
008.732  000.001  000.001: sourcing nvim_exec2() called at /home/yash/.vim/plugged/gruvbox-flat.nvim/colors/gruvbox-flat.vim:9
008.734  000.001  000.001: sourcing nvim_exec2() called at /home/yash/.vim/plugged/gruvbox-flat.nvim/colors/gruvbox-flat.vim:9
008.736  000.001  000.001: sourcing nvim_exec2() called at /home/yash/.vim/plugged/gruvbox-flat.nvim/colors/gruvbox-flat.vim:9
008.738  000.001  000.001: sourcing nvim_exec2() called at /home/yash/.vim/plugged/gruvbox-flat.nvim/colors/gruvbox-flat.vim:9
008.740  000.001  000.001: sourcing nvim_exec2() called at /home/yash/.vim/plugged/gruvbox-flat.nvim/colors/gruvbox-flat.vim:9
008.742  000.001  000.001: sourcing nvim_exec2() called at /home/yash/.vim/plugged/gruvbox-flat.nvim/colors/gruvbox-flat.vim:9
008.744  000.001  000.001: sourcing nvim_exec2() called at /home/yash/.vim/plugged/gruvbox-flat.nvim/colors/gruvbox-flat.vim:9
008.747  000.001  000.001: sourcing nvim_exec2() called at /home/yash/.vim/plugged/gruvbox-flat.nvim/colors/gruvbox-flat.vim:9
008.749  000.001  000.001: sourcing nvim_exec2() called at /home/yash/.vim/plugged/gruvbox-flat.nvim/colors/gruvbox-flat.vim:9
008.751  000.001  000.001: sourcing nvim_exec2() called at /home/yash/.vim/plugged/gruvbox-flat.nvim/colors/gruvbox-flat.vim:9
008.753  000.001  000.001: sourcing nvim_exec2() called at /home/yash/.vim/plugged/gruvbox-flat.nvim/colors/gruvbox-flat.vim:9
008.755  000.001  000.001: sourcing nvim_exec2() called at /home/yash/.vim/plugged/gruvbox-flat.nvim/colors/gruvbox-flat.vim:9
008.757  000.001  000.001: sourcing nvim_exec2() called at /home/yash/.vim/plugged/gruvbox-flat.nvim/colors/gruvbox-flat.vim:9
008.803  000.001  000.001: sourcing nvim_exec2() called at /home/yash/.vim/plugged/gruvbox-flat.nvim/colors/gruvbox-flat.vim:9
008.821  000.001  000.001: sourcing nvim_exec2() called at /home/yash/.vim/plugged/gruvbox-flat.nvim/colors/gruvbox-flat.vim:9
008.823  000.001  000.001: sourcing nvim_exec2() called at /home/yash/.vim/plugged/gruvbox-flat.nvim/colors/gruvbox-flat.vim:9
008.825  000.001  000.001: sourcing nvim_exec2() called at /home/yash/.vim/plugged/gruvbox-flat.nvim/colors/gruvbox-flat.vim:9
008.827  000.001  000.001: sourcing nvim_exec2() called at /home/yash/.vim/plugged/gruvbox-flat.nvim/colors/gruvbox-flat.vim:9
008.830  000.001  000.001: sourcing nvim_exec2() called at /home/yash/.vim/plugged/gruvbox-flat.nvim/colors/gruvbox-flat.vim:9
008.832  000.001  000.001: sourcing nvim_exec2() called at /home/yash/.vim/plugged/gruvbox-flat.nvim/colors/gruvbox-flat.vim:9
008.834  000.001  000.001: sourcing nvim_exec2() called at /home/yash/.vim/plugged/gruvbox-flat.nvim/colors/gruvbox-flat.vim:9
008.840  000.001  000.001: sourcing nvim_exec2() called at /home/yash/.vim/plugged/gruvbox-flat.nvim/colors/gruvbox-flat.vim:9
008.842  000.001  000.001: sourcing nvim_exec2() called at /home/yash/.vim/plugged/gruvbox-flat.nvim/colors/gruvbox-flat.vim:9
008.845  000.001  000.001: sourcing nvim_exec2() called at /home/yash/.vim/plugged/gruvbox-flat.nvim/colors/gruvbox-flat.vim:9
008.848  000.001  000.001: sourcing nvim_exec2() called at /home/yash/.vim/plugged/gruvbox-flat.nvim/colors/gruvbox-flat.vim:9
008.850  000.001  000.001: sourcing nvim_exec2() called at /home/yash/.vim/plugged/gruvbox-flat.nvim/colors/gruvbox-flat.vim:9
008.853  000.001  000.001: sourcing nvim_exec2() called at /home/yash/.vim/plugged/gruvbox-flat.nvim/colors/gruvbox-flat.vim:9
008.859  000.005  000.005: sourcing nvim_exec2() called at /home/yash/.vim/plugged/gruvbox-flat.nvim/colors/gruvbox-flat.vim:9
008.861  000.001  000.001: sourcing nvim_exec2() called at /home/yash/.vim/plugged/gruvbox-flat.nvim/colors/gruvbox-flat.vim:9
008.863  000.001  000.001: sourcing nvim_exec2() called at /home/yash/.vim/plugged/gruvbox-flat.nvim/colors/gruvbox-flat.vim:9
008.865  000.001  000.001: sourcing nvim_exec2() called at /home/yash/.vim/plugged/gruvbox-flat.nvim/colors/gruvbox-flat.vim:9
008.868  000.001  000.001: sourcing nvim_exec2() called at /home/yash/.vim/plugged/gruvbox-flat.nvim/colors/gruvbox-flat.vim:9
008.890  000.001  000.001: sourcing nvim_exec2() called at /home/yash/.vim/plugged/gruvbox-flat.nvim/colors/gruvbox-flat.vim:9
008.892  000.001  000.001: sourcing nvim_exec2() called at /home/yash/.vim/plugged/gruvbox-flat.nvim/colors/gruvbox-flat.vim:9
008.895  000.001  000.001: sourcing nvim_exec2() called at /home/yash/.vim/plugged/gruvbox-flat.nvim/colors/gruvbox-flat.vim:9
008.896  000.001  000.001: sourcing nvim_exec2() called at /home/yash/.vim/plugged/gruvbox-flat.nvim/colors/gruvbox-flat.vim:9
008.898  000.001  000.001: sourcing nvim_exec2() called at /home/yash/.vim/plugged/gruvbox-flat.nvim/colors/gruvbox-flat.vim:9
008.901  000.001  000.001: sourcing nvim_exec2() called at /home/yash/.vim/plugged/gruvbox-flat.nvim/colors/gruvbox-flat.vim:9
008.903  000.001  000.001: sourcing nvim_exec2() called at /home/yash/.vim/plugged/gruvbox-flat.nvim/colors/gruvbox-flat.vim:9
008.905  000.001  000.001: sourcing nvim_exec2() called at /home/yash/.vim/plugged/gruvbox-flat.nvim/colors/gruvbox-flat.vim:9
008.909  000.001  000.001: sourcing nvim_exec2() called at /home/yash/.vim/plugged/gruvbox-flat.nvim/colors/gruvbox-flat.vim:9
008.912  000.001  000.001: sourcing nvim_exec2() called at /home/yash/.vim/plugged/gruvbox-flat.nvim/colors/gruvbox-flat.vim:9
008.914  000.001  000.001: sourcing nvim_exec2() called at /home/yash/.vim/plugged/gruvbox-flat.nvim/colors/gruvbox-flat.vim:9
008.933  000.017  000.017: sourcing nvim_exec2() called at /home/yash/.vim/plugged/gruvbox-flat.nvim/colors/gruvbox-flat.vim:9
008.935  000.001  000.001: sourcing nvim_exec2() called at /home/yash/.vim/plugged/gruvbox-flat.nvim/colors/gruvbox-flat.vim:9
008.937  000.001  000.001: sourcing nvim_exec2() called at /home/yash/.vim/plugged/gruvbox-flat.nvim/colors/gruvbox-flat.vim:9
008.939  000.001  000.001: sourcing nvim_exec2() called at /home/yash/.vim/plugged/gruvbox-flat.nvim/colors/gruvbox-flat.vim:9
008.941  000.001  000.001: sourcing nvim_exec2() called at /home/yash/.vim/plugged/gruvbox-flat.nvim/colors/gruvbox-flat.vim:9
008.944  000.001  000.001: sourcing nvim_exec2() called at /home/yash/.vim/plugged/gruvbox-flat.nvim/colors/gruvbox-flat.vim:9
008.946  000.001  000.001: sourcing nvim_exec2() called at /home/yash/.vim/plugged/gruvbox-flat.nvim/colors/gruvbox-flat.vim:9
008.950  000.001  000.001: sourcing nvim_exec2() called at /home/yash/.vim/plugged/gruvbox-flat.nvim/colors/gruvbox-flat.vim:9
008.953  000.001  000.001: sourcing nvim_exec2() called at /home/yash/.vim/plugged/gruvbox-flat.nvim/colors/gruvbox-flat.vim:9
008.955  000.001  000.001: sourcing nvim_exec2() called at /home/yash/.vim/plugged/gruvbox-flat.nvim/colors/gruvbox-flat.vim:9
008.958  000.001  000.001: sourcing nvim_exec2() called at /home/yash/.vim/plugged/gruvbox-flat.nvim/colors/gruvbox-flat.vim:9
008.960  000.001  000.001: sourcing nvim_exec2() called at /home/yash/.vim/plugged/gruvbox-flat.nvim/colors/gruvbox-flat.vim:9
008.962  000.001  000.001: sourcing nvim_exec2() called at /home/yash/.vim/plugged/gruvbox-flat.nvim/colors/gruvbox-flat.vim:9
008.966  000.001  000.001: sourcing nvim_exec2() called at /home/yash/.vim/plugged/gruvbox-flat.nvim/colors/gruvbox-flat.vim:9
008.968  000.001  000.001: sourcing nvim_exec2() called at /home/yash/.vim/plugged/gruvbox-flat.nvim/colors/gruvbox-flat.vim:9
008.970  000.001  000.001: sourcing nvim_exec2() called at /home/yash/.vim/plugged/gruvbox-flat.nvim/colors/gruvbox-flat.vim:9
008.972  000.001  000.001: sourcing nvim_exec2() called at /home/yash/.vim/plugged/gruvbox-flat.nvim/colors/gruvbox-flat.vim:9
008.977  000.001  000.001: sourcing nvim_exec2() called at /home/yash/.vim/plugged/gruvbox-flat.nvim/colors/gruvbox-flat.vim:9
008.982  000.001  000.001: sourcing nvim_exec2() called at /home/yash/.vim/plugged/gruvbox-flat.nvim/colors/gruvbox-flat.vim:9
008.984  000.001  000.001: sourcing nvim_exec2() called at /home/yash/.vim/plugged/gruvbox-flat.nvim/colors/gruvbox-flat.vim:9
008.986  000.001  000.001: sourcing nvim_exec2() called at /home/yash/.vim/plugged/gruvbox-flat.nvim/colors/gruvbox-flat.vim:9
008.991  000.001  000.001: sourcing nvim_exec2() called at /home/yash/.vim/plugged/gruvbox-flat.nvim/colors/gruvbox-flat.vim:9
008.994  000.001  000.001: sourcing nvim_exec2() called at /home/yash/.vim/plugged/gruvbox-flat.nvim/colors/gruvbox-flat.vim:9
009.011  000.001  000.001: sourcing nvim_exec2() called at /home/yash/.vim/plugged/gruvbox-flat.nvim/colors/gruvbox-flat.vim:9
009.014  000.001  000.001: sourcing nvim_exec2() called at /home/yash/.vim/plugged/gruvbox-flat.nvim/colors/gruvbox-flat.vim:9
009.018  000.001  000.001: sourcing nvim_exec2() called at /home/yash/.vim/plugged/gruvbox-flat.nvim/colors/gruvbox-flat.vim:9
009.022  000.002  000.002: sourcing nvim_exec2() called at /home/yash/.vim/plugged/gruvbox-flat.nvim/colors/gruvbox-flat.vim:9
009.024  000.001  000.001: sourcing nvim_exec2() called at /home/yash/.vim/plugged/gruvbox-flat.nvim/colors/gruvbox-flat.vim:9
009.026  000.001  000.001: sourcing nvim_exec2() called at /home/yash/.vim/plugged/gruvbox-flat.nvim/colors/gruvbox-flat.vim:9
009.030  000.001  000.001: sourcing nvim_exec2() called at /home/yash/.vim/plugged/gruvbox-flat.nvim/colors/gruvbox-flat.vim:9
009.032  000.001  000.001: sourcing nvim_exec2() called at /home/yash/.vim/plugged/gruvbox-flat.nvim/colors/gruvbox-flat.vim:9
009.034  000.001  000.001: sourcing nvim_exec2() called at /home/yash/.vim/plugged/gruvbox-flat.nvim/colors/gruvbox-flat.vim:9
009.036  000.001  000.001: sourcing nvim_exec2() called at /home/yash/.vim/plugged/gruvbox-flat.nvim/colors/gruvbox-flat.vim:9
009.039  000.001  000.001: sourcing nvim_exec2() called at /home/yash/.vim/plugged/gruvbox-flat.nvim/colors/gruvbox-flat.vim:9
009.059  000.001  000.001: sourcing nvim_exec2() called at /home/yash/.vim/plugged/gruvbox-flat.nvim/colors/gruvbox-flat.vim:9
009.068  000.001  000.001: sourcing nvim_exec2() called at /home/yash/.vim/plugged/gruvbox-flat.nvim/colors/gruvbox-flat.vim:9
009.071  000.001  000.001: sourcing nvim_exec2() called at /home/yash/.vim/plugged/gruvbox-flat.nvim/colors/gruvbox-flat.vim:9
009.074  000.001  000.001: sourcing nvim_exec2() called at /home/yash/.vim/plugged/gruvbox-flat.nvim/colors/gruvbox-flat.vim:9
009.076  000.001  000.001: sourcing nvim_exec2() called at /home/yash/.vim/plugged/gruvbox-flat.nvim/colors/gruvbox-flat.vim:9
009.078  000.001  000.001: sourcing nvim_exec2() called at /home/yash/.vim/plugged/gruvbox-flat.nvim/colors/gruvbox-flat.vim:9
009.089  000.001  000.001: sourcing nvim_exec2() called at /home/yash/.vim/plugged/gruvbox-flat.nvim/colors/gruvbox-flat.vim:9
009.091  000.001  000.001: sourcing nvim_exec2() called at /home/yash/.vim/plugged/gruvbox-flat.nvim/colors/gruvbox-flat.vim:9
009.092  000.001  000.001: sourcing nvim_exec2() called at /home/yash/.vim/plugged/gruvbox-flat.nvim/colors/gruvbox-flat.vim:9
009.094  000.001  000.001: sourcing nvim_exec2() called at /home/yash/.vim/plugged/gruvbox-flat.nvim/colors/gruvbox-flat.vim:9
009.096  000.001  000.001: sourcing nvim_exec2() called at /home/yash/.vim/plugged/gruvbox-flat.nvim/colors/gruvbox-flat.vim:9
009.098  000.001  000.001: sourcing nvim_exec2() called at /home/yash/.vim/plugged/gruvbox-flat.nvim/colors/gruvbox-flat.vim:9
009.099  000.001  000.001: sourcing nvim_exec2() called at /home/yash/.vim/plugged/gruvbox-flat.nvim/colors/gruvbox-flat.vim:9
009.101  000.001  000.001: sourcing nvim_exec2() called at /home/yash/.vim/plugged/gruvbox-flat.nvim/colors/gruvbox-flat.vim:9
009.103  000.001  000.001: sourcing nvim_exec2() called at /home/yash/.vim/plugged/gruvbox-flat.nvim/colors/gruvbox-flat.vim:9
009.105  000.001  000.001: sourcing nvim_exec2() called at /home/yash/.vim/plugged/gruvbox-flat.nvim/colors/gruvbox-flat.vim:9
009.119  000.001  000.001: sourcing nvim_exec2() called at /home/yash/.vim/plugged/gruvbox-flat.nvim/colors/gruvbox-flat.vim:9
009.122  000.001  000.001: sourcing nvim_exec2() called at /home/yash/.vim/plugged/gruvbox-flat.nvim/colors/gruvbox-flat.vim:9
009.123  000.001  000.001: sourcing nvim_exec2() called at /home/yash/.vim/plugged/gruvbox-flat.nvim/colors/gruvbox-flat.vim:9
009.125  000.001  000.001: sourcing nvim_exec2() called at /home/yash/.vim/plugged/gruvbox-flat.nvim/colors/gruvbox-flat.vim:9
009.126  000.001  000.001: sourcing nvim_exec2() called at /home/yash/.vim/plugged/gruvbox-flat.nvim/colors/gruvbox-flat.vim:9
009.127  000.001  000.001: sourcing nvim_exec2() called at /home/yash/.vim/plugged/gruvbox-flat.nvim/colors/gruvbox-flat.vim:9
009.129  000.001  000.001: sourcing nvim_exec2() called at /home/yash/.vim/plugged/gruvbox-flat.nvim/colors/gruvbox-flat.vim:9
009.131  000.001  000.001: sourcing nvim_exec2() called at /home/yash/.vim/plugged/gruvbox-flat.nvim/colors/gruvbox-flat.vim:9
009.132  000.001  000.001: sourcing nvim_exec2() called at /home/yash/.vim/plugged/gruvbox-flat.nvim/colors/gruvbox-flat.vim:9
009.135  000.001  000.001: sourcing nvim_exec2() called at /home/yash/.vim/plugged/gruvbox-flat.nvim/colors/gruvbox-flat.vim:9
009.143  000.001  000.001: sourcing nvim_exec2() called at /home/yash/.vim/plugged/gruvbox-flat.nvim/colors/gruvbox-flat.vim:9
009.144  000.001  000.001: sourcing nvim_exec2() called at /home/yash/.vim/plugged/gruvbox-flat.nvim/colors/gruvbox-flat.vim:9
009.146  000.001  000.001: sourcing nvim_exec2() called at /home/yash/.vim/plugged/gruvbox-flat.nvim/colors/gruvbox-flat.vim:9
009.148  000.001  000.001: sourcing nvim_exec2() called at /home/yash/.vim/plugged/gruvbox-flat.nvim/colors/gruvbox-flat.vim:9
009.196  000.047  000.047: sourcing nvim_exec2() called at /home/yash/.vim/plugged/gruvbox-flat.nvim/colors/gruvbox-flat.vim:9
009.198  000.001  000.001: sourcing nvim_exec2() called at /home/yash/.vim/plugged/gruvbox-flat.nvim/colors/gruvbox-flat.vim:9
009.199  000.001  000.001: sourcing nvim_exec2() called at /home/yash/.vim/plugged/gruvbox-flat.nvim/colors/gruvbox-flat.vim:9
009.201  000.001  000.001: sourcing nvim_exec2() called at /home/yash/.vim/plugged/gruvbox-flat.nvim/colors/gruvbox-flat.vim:9
009.203  000.001  000.001: sourcing nvim_exec2() called at /home/yash/.vim/plugged/gruvbox-flat.nvim/colors/gruvbox-flat.vim:9
009.204  001.531  000.577: sourcing /home/yash/.vim/plugged/gruvbox-flat.nvim/colors/gruvbox-flat.vim
009.363  000.041  000.041: require('noice.util.lazy')
009.370  000.101  000.060: require('noice')
010.214  000.755  000.755: require('vim.health')
010.334  000.029  000.029: require('noice.util.call')
010.337  000.115  000.086: require('noice.util')
010.339  000.967  000.097: require('noice.health')
010.389  000.041  000.041: require('noice.config')
010.528  000.036  000.036: require('nvim-web-devicons.filetypes')
010.536  000.003  000.003: require('vim.F')
010.702  000.112  000.112: require('nvim-web-devicons.default.icons_by_filename')
011.054  000.350  000.350: require('nvim-web-devicons.default.icons_by_file_extension')
011.193  000.138  000.138: require('nvim-web-devicons.default.icons_by_operating_system')
011.244  000.049  000.049: require('nvim-web-devicons.default.icons_by_desktop_environment')
011.279  000.034  000.034: require('nvim-web-devicons.default.icons_by_window_manager')
011.280  000.740  000.057: require('nvim-web-devicons.icons-default')
011.427  000.969  000.189: require('nvim-web-devicons')
013.476  000.019  000.019: require('plenary.bit')
013.496  000.017  000.017: require('plenary.functional')
013.506  000.006  000.006: require('ffi')
013.518  000.092  000.050: require('plenary.path')
013.525  000.118  000.026: require('plenary.strings')
013.551  000.026  000.026: require('telescope.deprecated')
013.788  000.093  000.093: require('plenary.log')
013.815  000.217  000.124: require('telescope.log')
013.951  000.021  000.021: require('plenary.compat')
013.956  000.074  000.053: require('plenary.job')
013.987  000.031  000.031: require('telescope.state')
013.998  000.182  000.078: require('telescope.utils')
014.001  000.449  000.051: require('telescope.sorters')
014.937  001.596  001.004: require('telescope.config')
015.110  000.094  000.094: require('plenary.window.border')
015.164  000.053  000.053: require('plenary.window')
015.214  000.049  000.049: require('plenary.popup.utils')
015.218  000.279  000.082: require('plenary.popup')
015.314  000.095  000.095: require('telescope.pickers.scroller')
015.371  000.055  000.055: require('telescope.actions.state')
015.431  000.060  000.060: require('telescope.actions.utils')
015.576  000.081  000.081: require('telescope.actions.mt')
015.600  000.167  000.086: require('telescope.actions.set')
015.982  000.121  000.121: require('telescope.config.resolve')
015.986  000.386  000.264: require('telescope.pickers.entry_display')
016.055  000.068  000.068: require('telescope.from_entry')
016.412  003.174  000.468: require('telescope.actions')
016.486  000.031  000.031: require('telescope._extensions')
016.488  000.075  000.044: require('telescope')
017.112  000.034  000.034: require('telescope._extensions.file_browser.utils')
017.250  000.051  000.051: require('vim.lsp.log')
017.618  000.367  000.367: require('vim.lsp.protocol')
017.714  000.094  000.094: require('vim.lsp.util')
017.758  000.019  000.019: require('vim.lsp.sync')
017.760  000.044  000.026: require('vim.lsp._changetracking')
017.843  000.056  000.056: require('vim.lsp._transport')
017.852  000.091  000.035: require('vim.lsp.rpc')
017.895  000.750  000.103: require('vim.lsp')
017.901  000.788  000.038: require('telescope._extensions.file_browser.lsp')
018.727  000.824  000.824: require('plenary.scandir')
018.860  000.023  000.023: require('plenary.tbl')
018.862  000.046  000.023: require('plenary.vararg.rotate')
018.863  000.069  000.023: require('plenary.vararg')
018.898  000.034  000.034: require('plenary.errors')
018.900  000.133  000.030: require('plenary.async.async')
019.019  000.020  000.020: require('plenary.async.structs')
019.035  000.062  000.042: require('plenary.async.control')
019.039  000.109  000.047: require('plenary.async.util')
019.057  000.156  000.047: require('plenary.async.tests')
019.058  000.329  000.039: require('plenary.async')
019.098  002.071  000.096: require('telescope._extensions.file_browser.actions')
019.279  000.068  000.068: require('telescope._extensions.file_browser.git')
019.324  000.043  000.043: require('telescope._extensions.file_browser.make_entry_utils')
019.372  000.047  000.047: require('telescope._extensions.file_browser.fs_stat')
019.374  000.228  000.069: require('telescope._extensions.file_browser.make_entry')
019.499  000.031  000.031: require('plenary.class')
019.509  000.096  000.065: require('telescope._')
019.674  000.165  000.165: require('telescope.make_entry')
019.677  000.302  000.041: require('telescope.finders.async_oneshot_finder')
019.809  000.046  000.046: require('telescope.finders.async_static_finder')
019.850  000.040  000.040: require('telescope.finders.async_job_finder')
019.855  000.177  000.092: require('telescope.finders')
019.857  000.758  000.051: require('telescope._extensions.file_browser.finders')
020.172  000.128  000.128: require('telescope.debounce')
020.276  000.102  000.102: require('telescope.mappings')
020.327  000.051  000.051: require('telescope.pickers.highlights')
020.371  000.043  000.043: require('telescope.pickers.window')
020.410  000.037  000.037: require('telescope.pickers.layout')
020.498  000.045  000.045: require('telescope.algos.linked_list')
020.500  000.090  000.045: require('telescope.entry_manager')
020.567  000.066  000.066: require('telescope.pickers.multi')
020.594  000.696  000.179: require('telescope.pickers')
020.596  000.738  000.042: require('telescope._extensions.file_browser.picker')
020.695  000.099  000.099: require('telescope._extensions.file_browser.config')
020.705  003.713  000.047: require('telescope._extensions.file_browser')
020.977  000.070  000.070: require('telescope-undo.actions')
020.979  000.177  000.107: require('telescope._extensions.undo')
021.141  000.144  000.144: require('telescope._extensions.noice')
021.147  007.941  000.659: sourcing /home/yash/.config/nvim/plug-config/telescope-config.rc.vim
021.458  000.073  000.073: require('lspconfig.util')
021.483  000.023  000.023: require('lspconfig.async')
021.484  000.165  000.069: require('lspconfig.configs')
021.487  000.216  000.051: require('lspconfig')
021.557  000.035  000.035: require('vim.lsp.completion')
021.583  000.095  000.060: require('vim.lsp.handlers')
021.613  000.028  000.028: require('vim.lsp.diagnostic')
021.726  000.113  000.113: require('vim.diagnostic')
021.760  000.021  000.021: require('lspconfig.ui.windows')
021.856  000.029  000.029: require('vim.iter')
021.873  000.067  000.038: require('lspconfig.configs.jedi_language_server')
022.088  000.029  000.029: require('lspconfig.manager')
022.117  000.027  000.027: require('lspconfig.configs.rust_analyzer')
022.223  000.024  000.024: require('lspconfig.configs.ts_ls')
022.313  000.019  000.019: require('lspconfig.configs.emmet_ls')
022.419  000.046  000.046: require('lspconfig.configs.solidity_ls_nomicfoundation')
022.502  000.055  000.055: require('lspconfig.configs.texlab')
022.573  000.024  000.024: require('lspconfig.configs.clangd')
022.615  000.017  000.017: require('lspconfig.configs.verible')
022.676  001.501  000.720: sourcing /home/yash/.config/nvim/plug-config/lsp-config.vim
022.736  000.029  000.029: sourcing /home/yash/.config/nvim/plug-config/neoformat.rc.vim
022.876  000.019  000.019: sourcing /usr/share/nvim/runtime/filetype.lua
022.948  000.007  000.007: sourcing /usr/share/nvim/runtime/ftplugin.vim
023.010  000.004  000.004: sourcing /usr/share/nvim/runtime/indent.vim
023.025  000.277  000.247: sourcing /home/yash/.config/nvim/plug-config/vimtex.rc.vim
023.102  000.016  000.016: require('git-conflict.colors')
023.120  000.017  000.017: require('git-conflict.utils')
023.138  000.016  000.016: require('vim.deprecated.health')
023.171  000.026  000.026: require('vim.hl')
023.180  000.139  000.063: require('git-conflict')
023.431  000.022  000.022: require('lualine_require')
023.571  000.200  000.178: require('lualine')
023.602  000.026  000.026: require('noice.api')
023.621  000.018  000.018: require('noice.api.status')
023.946  000.007  000.007: sourcing nvim_exec2() called at /home/yash/.config/nvim/init.vim:225
024.178  000.006  000.006: sourcing nvim_exec2() called at /home/yash/.config/nvim/init.vim:225
024.216  000.002  000.002: sourcing nvim_exec2() called at /home/yash/.config/nvim/init.vim:225
024.280  000.002  000.002: sourcing nvim_exec2() called at /home/yash/.config/nvim/init.vim:225
024.289  000.006  000.006: sourcing nvim_exec2() called at /home/yash/.config/nvim/init.vim:225
024.689  000.004  000.004: sourcing nvim_exec2() called at /home/yash/.config/nvim/init.vim:225
024.696  000.002  000.002: sourcing nvim_exec2() called at /home/yash/.config/nvim/init.vim:225
024.706  000.002  000.002: sourcing nvim_exec2() called at /home/yash/.config/nvim/init.vim:225
024.711  000.001  000.001: sourcing nvim_exec2() called at /home/yash/.config/nvim/init.vim:225
024.716  000.001  000.001: sourcing nvim_exec2() called at /home/yash/.config/nvim/init.vim:225
024.720  000.001  000.001: sourcing nvim_exec2() called at /home/yash/.config/nvim/init.vim:225
024.724  000.002  000.002: sourcing nvim_exec2() called at /home/yash/.config/nvim/init.vim:225
024.782  000.002  000.002: sourcing nvim_exec2() called at /home/yash/.config/nvim/init.vim:225
024.807  000.001  000.001: sourcing nvim_exec2() called at /home/yash/.config/nvim/init.vim:225
024.824  000.001  000.001: sourcing nvim_exec2() called at /home/yash/.config/nvim/init.vim:225
024.837  000.001  000.001: sourcing nvim_exec2() called at /home/yash/.config/nvim/init.vim:225
024.850  000.001  000.001: sourcing nvim_exec2() called at /home/yash/.config/nvim/init.vim:225
024.863  000.001  000.001: sourcing nvim_exec2() called at /home/yash/.config/nvim/init.vim:225
024.867  000.001  000.001: sourcing nvim_exec2() called at /home/yash/.config/nvim/init.vim:225
024.909  000.002  000.002: sourcing nvim_exec2() called at /home/yash/.config/nvim/init.vim:225
024.926  000.002  000.002: sourcing nvim_exec2() called at /home/yash/.config/nvim/init.vim:225
024.932  000.001  000.001: sourcing nvim_exec2() called at /home/yash/.config/nvim/init.vim:225
024.936  000.001  000.001: sourcing nvim_exec2() called at /home/yash/.config/nvim/init.vim:225
024.941  000.001  000.001: sourcing nvim_exec2() called at /home/yash/.config/nvim/init.vim:225
024.945  000.001  000.001: sourcing nvim_exec2() called at /home/yash/.config/nvim/init.vim:225
024.948  000.001  000.001: sourcing nvim_exec2() called at /home/yash/.config/nvim/init.vim:225
025.018  000.003  000.003: sourcing nvim_exec2() called at /home/yash/.config/nvim/init.vim:225
025.023  000.002  000.002: sourcing nvim_exec2() called at /home/yash/.config/nvim/init.vim:225
025.029  000.001  000.001: sourcing nvim_exec2() called at /home/yash/.config/nvim/init.vim:225
025.032  000.001  000.001: sourcing nvim_exec2() called at /home/yash/.config/nvim/init.vim:225
025.037  000.001  000.001: sourcing nvim_exec2() called at /home/yash/.config/nvim/init.vim:225
025.042  000.002  000.002: sourcing nvim_exec2() called at /home/yash/.config/nvim/init.vim:225
025.047  000.001  000.001: sourcing nvim_exec2() called at /home/yash/.config/nvim/init.vim:225
025.074  000.002  000.002: sourcing nvim_exec2() called at /home/yash/.config/nvim/init.vim:225
025.079  000.001  000.001: sourcing nvim_exec2() called at /home/yash/.config/nvim/init.vim:225
025.083  000.001  000.001: sourcing nvim_exec2() called at /home/yash/.config/nvim/init.vim:225
025.086  000.001  000.001: sourcing nvim_exec2() called at /home/yash/.config/nvim/init.vim:225
025.091  000.001  000.001: sourcing nvim_exec2() called at /home/yash/.config/nvim/init.vim:225
025.094  000.001  000.001: sourcing nvim_exec2() called at /home/yash/.config/nvim/init.vim:225
025.100  000.002  000.002: sourcing nvim_exec2() called at /home/yash/.config/nvim/init.vim:225
025.204  000.003  000.003: sourcing nvim_exec2() called at /home/yash/.config/nvim/init.vim:225
025.221  000.002  000.002: sourcing nvim_exec2() called at /home/yash/.config/nvim/init.vim:225
025.238  000.001  000.001: sourcing nvim_exec2() called at /home/yash/.config/nvim/init.vim:225
025.244  000.001  000.001: sourcing nvim_exec2() called at /home/yash/.config/nvim/init.vim:225
025.247  000.001  000.001: sourcing nvim_exec2() called at /home/yash/.config/nvim/init.vim:225
025.251  000.001  000.001: sourcing nvim_exec2() called at /home/yash/.config/nvim/init.vim:225
025.256  000.001  000.001: sourcing nvim_exec2() called at /home/yash/.config/nvim/init.vim:225
025.356  000.004  000.004: sourcing nvim_exec2() called at /home/yash/.config/nvim/init.vim:225
025.360  000.003  000.003: sourcing nvim_exec2() called at /home/yash/.config/nvim/init.vim:225
025.494  000.004  000.004: sourcing nvim_exec2() called at /home/yash/.config/nvim/init.vim:225
025.499  000.001  000.001: sourcing nvim_exec2() called at /home/yash/.config/nvim/init.vim:225
025.505  000.001  000.001: sourcing nvim_exec2() called at /home/yash/.config/nvim/init.vim:225
025.508  000.001  000.001: sourcing nvim_exec2() called at /home/yash/.config/nvim/init.vim:225
025.512  000.001  000.001: sourcing nvim_exec2() called at /home/yash/.config/nvim/init.vim:225
025.517  000.001  000.001: sourcing nvim_exec2() called at /home/yash/.config/nvim/init.vim:225
025.534  000.002  000.002: sourcing nvim_exec2() called at /home/yash/.config/nvim/init.vim:225
025.540  000.001  000.001: sourcing nvim_exec2() called at /home/yash/.config/nvim/init.vim:225
025.544  000.001  000.001: sourcing nvim_exec2() called at /home/yash/.config/nvim/init.vim:225
025.548  000.001  000.001: sourcing nvim_exec2() called at /home/yash/.config/nvim/init.vim:225
025.551  000.001  000.001: sourcing nvim_exec2() called at /home/yash/.config/nvim/init.vim:225
025.554  000.001  000.001: sourcing nvim_exec2() called at /home/yash/.config/nvim/init.vim:225
025.559  000.001  000.001: sourcing nvim_exec2() called at /home/yash/.config/nvim/init.vim:225
025.566  000.002  000.002: sourcing nvim_exec2() called at /home/yash/.config/nvim/init.vim:225
025.570  000.001  000.001: sourcing nvim_exec2() called at /home/yash/.config/nvim/init.vim:225
025.575  000.001  000.001: sourcing nvim_exec2() called at /home/yash/.config/nvim/init.vim:225
025.579  000.001  000.001: sourcing nvim_exec2() called at /home/yash/.config/nvim/init.vim:225
025.582  000.001  000.001: sourcing nvim_exec2() called at /home/yash/.config/nvim/init.vim:225
025.587  000.001  000.001: sourcing nvim_exec2() called at /home/yash/.config/nvim/init.vim:225
025.590  000.001  000.001: sourcing nvim_exec2() called at /home/yash/.config/nvim/init.vim:225
025.595  000.001  000.001: sourcing nvim_exec2() called at /home/yash/.config/nvim/init.vim:225
025.671  000.004  000.004: sourcing nvim_exec2() called at /home/yash/.config/nvim/init.vim:225
025.675  000.001  000.001: sourcing nvim_exec2() called at /home/yash/.config/nvim/init.vim:225
025.678  000.001  000.001: sourcing nvim_exec2() called at /home/yash/.config/nvim/init.vim:225
025.681  000.002  000.002: sourcing nvim_exec2() called at /home/yash/.config/nvim/init.vim:225
026.646  000.021  000.021: sourcing nvim_exec2() called at /home/yash/.config/nvim/init.vim:225
026.676  000.003  000.003: sourcing nvim_exec2() called at /home/yash/.config/nvim/init.vim:225
026.690  000.004  000.004: sourcing nvim_exec2() called at /home/yash/.config/nvim/init.vim:225
026.702  000.003  000.003: sourcing nvim_exec2() called at /home/yash/.config/nvim/init.vim:225
026.710  000.002  000.002: sourcing nvim_exec2() called at /home/yash/.config/nvim/init.vim:225
026.717  000.001  000.001: sourcing nvim_exec2() called at /home/yash/.config/nvim/init.vim:225
026.724  000.001  000.001: sourcing nvim_exec2() called at /home/yash/.config/nvim/init.vim:225
026.819  000.002  000.002: sourcing nvim_exec2() called at /home/yash/.config/nvim/init.vim:225
026.827  000.001  000.001: sourcing nvim_exec2() called at /home/yash/.config/nvim/init.vim:225
026.832  000.001  000.001: sourcing nvim_exec2() called at /home/yash/.config/nvim/init.vim:225
026.840  000.001  000.001: sourcing nvim_exec2() called at /home/yash/.config/nvim/init.vim:225
026.848  000.002  000.002: sourcing nvim_exec2() called at /home/yash/.config/nvim/init.vim:225
026.853  000.001  000.001: sourcing nvim_exec2() called at /home/yash/.config/nvim/init.vim:225
026.869  000.003  000.003: sourcing nvim_exec2() called at /home/yash/.config/nvim/init.vim:225
026.962  000.003  000.003: sourcing nvim_exec2() called at /home/yash/.config/nvim/init.vim:225
026.969  000.002  000.002: sourcing nvim_exec2() called at /home/yash/.config/nvim/init.vim:225
026.981  000.001  000.001: sourcing nvim_exec2() called at /home/yash/.config/nvim/init.vim:225
026.986  000.001  000.001: sourcing nvim_exec2() called at /home/yash/.config/nvim/init.vim:225
026.998  000.001  000.001: sourcing nvim_exec2() called at /home/yash/.config/nvim/init.vim:225
027.035  000.002  000.002: sourcing nvim_exec2() called at /home/yash/.config/nvim/init.vim:225
027.042  000.001  000.001: sourcing nvim_exec2() called at /home/yash/.config/nvim/init.vim:225
027.068  000.002  000.002: sourcing nvim_exec2() called at /home/yash/.config/nvim/init.vim:225
027.075  000.002  000.002: sourcing nvim_exec2() called at /home/yash/.config/nvim/init.vim:225
027.082  000.002  000.002: sourcing nvim_exec2() called at /home/yash/.config/nvim/init.vim:225
027.087  000.001  000.001: sourcing nvim_exec2() called at /home/yash/.config/nvim/init.vim:225
027.095  000.001  000.001: sourcing nvim_exec2() called at /home/yash/.config/nvim/init.vim:225
027.100  000.002  000.002: sourcing nvim_exec2() called at /home/yash/.config/nvim/init.vim:225
027.108  000.002  000.002: sourcing nvim_exec2() called at /home/yash/.config/nvim/init.vim:225
027.242  000.003  000.003: sourcing nvim_exec2() called at /home/yash/.config/nvim/init.vim:225
027.265  000.001  000.001: sourcing nvim_exec2() called at /home/yash/.config/nvim/init.vim:225
027.286  000.001  000.001: sourcing nvim_exec2() called at /home/yash/.config/nvim/init.vim:225
027.298  000.001  000.001: sourcing nvim_exec2() called at /home/yash/.config/nvim/init.vim:225
027.314  000.001  000.001: sourcing nvim_exec2() called at /home/yash/.config/nvim/init.vim:225
027.330  000.001  000.001: sourcing nvim_exec2() called at /home/yash/.config/nvim/init.vim:225
027.338  000.002  000.002: sourcing nvim_exec2() called at /home/yash/.config/nvim/init.vim:225
027.382  000.003  000.003: sourcing nvim_exec2() called at /home/yash/.config/nvim/init.vim:225
027.395  000.002  000.002: sourcing nvim_exec2() called at /home/yash/.config/nvim/init.vim:225
027.401  000.002  000.002: sourcing nvim_exec2() called at /home/yash/.config/nvim/init.vim:225
027.404  000.001  000.001: sourcing nvim_exec2() called at /home/yash/.config/nvim/init.vim:225
027.409  000.002  000.002: sourcing nvim_exec2() called at /home/yash/.config/nvim/init.vim:225
027.414  000.001  000.001: sourcing nvim_exec2() called at /home/yash/.config/nvim/init.vim:225
027.419  000.002  000.002: sourcing nvim_exec2() called at /home/yash/.config/nvim/init.vim:225
027.684  000.004  000.004: sourcing nvim_exec2() called at /home/yash/.config/nvim/init.vim:225
027.690  000.002  000.002: sourcing nvim_exec2() called at /home/yash/.config/nvim/init.vim:225
027.694  000.002  000.002: sourcing nvim_exec2() called at /home/yash/.config/nvim/init.vim:225
027.747  000.002  000.002: sourcing nvim_exec2() called at /home/yash/.config/nvim/init.vim:225
027.752  000.002  000.002: sourcing nvim_exec2() called at /home/yash/.config/nvim/init.vim:225
027.756  000.001  000.001: sourcing nvim_exec2() called at /home/yash/.config/nvim/init.vim:225
027.775  000.001  000.001: sourcing nvim_exec2() called at /home/yash/.config/nvim/init.vim:225
027.788  000.002  000.002: sourcing nvim_exec2() called at /home/yash/.config/nvim/init.vim:225
027.793  000.001  000.001: sourcing nvim_exec2() called at /home/yash/.config/nvim/init.vim:225
027.801  000.002  000.002: sourcing nvim_exec2() called at /home/yash/.config/nvim/init.vim:225
027.806  000.002  000.002: sourcing nvim_exec2() called at /home/yash/.config/nvim/init.vim:225
027.824  000.001  000.001: sourcing nvim_exec2() called at /home/yash/.config/nvim/init.vim:225
027.829  000.001  000.001: sourcing nvim_exec2() called at /home/yash/.config/nvim/init.vim:225
027.841  000.002  000.002: sourcing nvim_exec2() called at /home/yash/.config/nvim/init.vim:225
027.854  000.002  000.002: sourcing nvim_exec2() called at /home/yash/.config/nvim/init.vim:225
027.858  000.001  000.001: sourcing nvim_exec2() called at /home/yash/.config/nvim/init.vim:225
027.861  000.001  000.001: sourcing nvim_exec2() called at /home/yash/.config/nvim/init.vim:225
027.869  000.001  000.001: sourcing nvim_exec2() called at /home/yash/.config/nvim/init.vim:225
027.872  000.001  000.001: sourcing nvim_exec2() called at /home/yash/.config/nvim/init.vim:225
027.876  000.001  000.001: sourcing nvim_exec2() called at /home/yash/.config/nvim/init.vim:225
027.889  000.001  000.001: sourcing nvim_exec2() called at /home/yash/.config/nvim/init.vim:225
027.894  000.001  000.001: sourcing nvim_exec2() called at /home/yash/.config/nvim/init.vim:225
027.899  000.001  000.001: sourcing nvim_exec2() called at /home/yash/.config/nvim/init.vim:225
027.902  000.001  000.001: sourcing nvim_exec2() called at /home/yash/.config/nvim/init.vim:225
027.907  000.001  000.001: sourcing nvim_exec2() called at /home/yash/.config/nvim/init.vim:225
027.910  000.001  000.001: sourcing nvim_exec2() called at /home/yash/.config/nvim/init.vim:225
027.925  000.001  000.001: sourcing nvim_exec2() called at /home/yash/.config/nvim/init.vim:225
027.929  000.001  000.001: sourcing nvim_exec2() called at /home/yash/.config/nvim/init.vim:225
027.946  000.002  000.002: sourcing nvim_exec2() called at /home/yash/.config/nvim/init.vim:225
027.954  000.002  000.002: sourcing nvim_exec2() called at /home/yash/.config/nvim/init.vim:225
027.958  000.001  000.001: sourcing nvim_exec2() called at /home/yash/.config/nvim/init.vim:225
027.962  000.002  000.002: sourcing nvim_exec2() called at /home/yash/.config/nvim/init.vim:225
027.967  000.001  000.001: sourcing nvim_exec2() called at /home/yash/.config/nvim/init.vim:225
027.971  000.002  000.002: sourcing nvim_exec2() called at /home/yash/.config/nvim/init.vim:225
027.977  000.002  000.002: sourcing nvim_exec2() called at /home/yash/.config/nvim/init.vim:225
028.190  000.089  000.089: require('lspsaga')
028.298  000.038  000.038: require('lspsaga.lspkind')
028.299  000.080  000.041: require('lspsaga.highlight')
028.460  000.045  000.045: require('vim.version')
030.387  000.942  000.942: require('lspsaga.symbol.head')
030.588  000.039  000.039: require('Comment')
030.624  000.033  000.033: require('Comment.config')
030.861  000.149  000.149: require('Comment.ft')
030.867  000.205  000.056: require('Comment.utils')
030.926  000.058  000.058: require('Comment.opfunc')
030.976  000.049  000.049: require('Comment.extra')
030.980  000.352  000.040: require('Comment.api')
031.239  000.085  000.085: require('neogit')
031.529  000.146  000.146: require('neogit.lib.util')
031.563  000.317  000.171: require('neogit.config')
031.594  000.030  000.030: require('neogit.lib.signs')
031.624  000.029  000.029: require('neogit.autocmds')
031.849  000.123  000.123: require('neogit.lib.color')
031.851  000.227  000.103: require('neogit.lib.hl')
031.979  000.094  000.094: require('neogit.logger')
031.982  000.131  000.036: require('neogit.lib.state')
032.384  000.074  000.074: require('neogit.lib.ui.component')
032.433  000.048  000.048: require('neogit.lib.ui.renderer')
032.462  000.028  000.028: require('neogit.lib.collection')
032.470  000.285  000.135: require('neogit.lib.ui')
032.482  000.424  000.140: require('neogit.lib.buffer')
033.015  000.135  000.135: require('neogit.lib.git')
033.047  000.494  000.359: require('neogit.buffers.common')
033.093  000.611  000.116: require('neogit.buffers.status.ui')
033.197  000.102  000.102: require('neogit.popups')
033.375  000.177  000.177: require('neogit.watcher')
033.387  001.403  000.089: require('neogit.buffers.status')
033.679  000.018  000.018: require('neogit.lib.notification')
033.682  000.132  000.114: require('neogit.lib.popup.builder')
033.702  000.020  000.020: require('neogit.lib.input')
033.755  000.031  000.031: require('neogit.lib.finder')
033.756  000.053  000.022: require('neogit.buffers.fuzzy_finder')
033.780  000.023  000.023: require('neogit.lib.popup.ui')
033.783  000.319  000.092: require('neogit.lib.popup')
033.784  000.395  000.076: require('neogit.lib')
033.887  000.023  000.023: require('neogit.buffers.process')
033.906  000.017  000.017: require('neogit.spinner')
033.913  000.077  000.037: require('neogit.process')
033.933  000.020  000.020: require('neogit.runner')
033.952  000.167  000.070: require('neogit.lib.git.cli')
035.117  000.025  000.025: require('leap')
035.145  000.025  000.025: require('leap.user')
035.335  033.271  013.125: sourcing /home/yash/.config/nvim/init.vim
035.340  000.222: sourcing vimrc file(s)
035.678  000.061  000.061: sourcing /home/yash/.vim/plugged/Comment.nvim/plugin/Comment.lua
035.813  000.029  000.029: sourcing /home/yash/.vim/plugged/vimtex/plugin/vimtex.vim
036.201  000.310  000.310: sourcing /home/yash/.vim/plugged/leap.nvim/plugin/init.lua
036.439  000.168  000.168: sourcing /home/yash/.vim/plugged/vim-closetag/plugin/closetag.vim
036.494  000.012  000.012: sourcing /home/yash/.vim/plugged/nvim-colorizer.lua/plugin/colorizer.vim
037.154  000.625  000.625: sourcing /home/yash/.vim/plugged/nvim-lspconfig/plugin/lspconfig.lua
037.400  000.132  000.132: sourcing /home/yash/.vim/plugged/telescope.nvim/plugin/telescope.lua
037.464  000.015  000.015: sourcing /home/yash/.vim/plugged/plenary.nvim/plugin/plenary.vim
037.525  000.020  000.020: sourcing /home/yash/.vim/plugged/nvim-web-devicons/plugin/nvim-web-devicons.vim
037.581  000.022  000.022: sourcing /home/yash/.vim/plugged/lspsaga.nvim/plugin/lspsaga.lua
037.626  000.011  000.011: sourcing /home/yash/.vim/plugged/neoformat/plugin/neoformat.vim
037.681  000.023  000.023: sourcing /home/yash/.vim/plugged/neogit/plugin/neogit.lua
037.773  000.019  000.019: require('diffview.lazy')
037.856  000.020  000.020: require('diffview.ffi')
037.878  000.021  000.021: require('diffview.oop')
037.885  000.077  000.036: require('diffview.async')
037.974  000.054  000.054: require('diffview.utils')
037.994  000.016  000.016: require('diffview.mock')
038.001  000.218  000.071: require('diffview.logger')
038.033  000.027  000.027: require('diffview.control')
038.059  000.020  000.020: require('diffview.events')
038.062  000.330  000.046: require('diffview.bootstrap')
038.070  000.354  000.024: sourcing /home/yash/.vim/plugged/diffview.nvim/plugin/diffview.lua
038.424  000.122  000.122: sourcing /usr/share/nvim/runtime/plugin/gzip.vim
038.843  000.113  000.113: sourcing /usr/share/nvim/runtime/pack/dist/opt/matchit/plugin/matchit.vim
038.870  000.431  000.318: sourcing /usr/share/nvim/runtime/plugin/matchit.vim
038.971  000.087  000.087: sourcing /usr/share/nvim/runtime/plugin/matchparen.vim
039.382  000.116  000.116: sourcing /usr/share/nvim/runtime/pack/dist/opt/netrw/plugin/netrwPlugin.vim
039.402  000.419  000.302: sourcing /usr/share/nvim/runtime/plugin/netrwPlugin.vim
039.497  000.081  000.081: sourcing /usr/share/nvim/runtime/plugin/rplugin.vim
039.538  000.029  000.029: sourcing /usr/share/nvim/runtime/plugin/shada.vim
039.558  000.008  000.008: sourcing /usr/share/nvim/runtime/plugin/spellfile.vim
039.614  000.045  000.045: sourcing /usr/share/nvim/runtime/plugin/tarPlugin.vim
039.633  000.008  000.008: sourcing /usr/share/nvim/runtime/plugin/tutor.vim
039.699  000.055  000.055: sourcing /usr/share/nvim/runtime/plugin/zipPlugin.vim
039.747  000.036  000.036: sourcing /usr/share/nvim/runtime/plugin/editorconfig.lua
039.783  000.024  000.024: sourcing /usr/share/nvim/runtime/plugin/man.lua
039.817  000.023  000.023: sourcing /usr/share/nvim/runtime/plugin/osc52.lua
039.844  000.016  000.016: sourcing /usr/share/nvim/runtime/plugin/tohtml.lua
040.259  000.025  000.025: require('vim.provider')
040.287  000.025  000.025: require('vim.provider.python')
040.343  000.030  000.030: require('vim._system')
074.446  000.121  000.121: sourcing /usr/share/nvim/runtime/autoload/remote/host.vim
074.504  034.284  034.083: sourcing /usr/share/nvim/runtime/autoload/provider/python3.vim
074.532  034.633  000.348: sourcing /usr/share/vim/vimfiles/plugin/black.vim
074.923  000.360  000.360: sourcing /usr/share/vim/vimfiles/plugin/fzf.vim
074.931  001.434: loading rtp plugins
075.017  000.085: loading packages
075.024  000.007: loading after plugins
075.033  000.010: inits 3
076.437  001.404: reading ShaDa
077.857  000.995  000.995: require('vim.filetype')
078.877  000.160  000.160: sourcing /usr/share/nvim/runtime/ftplugin/vim.vim
079.486  000.052  000.052: sourcing /usr/share/nvim/runtime/indent/vim.vim
083.356  000.492  000.492: sourcing /usr/share/nvim/runtime/syntax/lua.vim
083.825  003.654  003.162: sourcing /usr/share/nvim/runtime/syntax/vim.vim
084.483  000.598  000.598: sourcing /usr/share/nvim/runtime/syntax/vim/generated.vim
105.460  000.114  000.114: require('editorconfig')
105.658  023.649: opening buffers
107.333  001.675: BufEnter autocommands
107.338  000.005: editing files in windows
132.430  025.091: --- NVIM STARTED ---

